ID,原图路径,宽,高,类别_多标签,版式,浏览级别,总览板,入选组
001,private_assets/source/123罗德岛_官方原图/001_阿米娅篇/01.jpg,600,1636,全身人物;多人场景;室内背景,漫画页,总览视觉浏览,private_assets/derived/overview/01.jpg,
002,private_assets/source/123罗德岛_官方原图/001_阿米娅篇/02.jpg,600,1636,全身人物;多人场景;室内背景,漫画页,总览视觉浏览,private_assets/derived/overview/01.jpg,
003,private_assets/source/123罗德岛_官方原图/001_阿米娅篇/03.jpg,600,1636,双人对话;极端表情,漫画页,总览视觉浏览,private_assets/derived/overview/01.jpg,
004,private_assets/source/123罗德岛_官方原图/002_博士篇/01.jpg,600,1636,双人对话;极端表情,漫画页,总览视觉浏览,private_assets/derived/overview/01.jpg,
005,private_assets/source/123罗德岛_官方原图/002_博士篇/02.jpg,600,1636,双人对话;多人场景;室内背景,漫画页,总览视觉浏览,private_assets/derived/overview/01.jpg,
006,private_assets/source/123罗德岛_官方原图/003_令篇/01.png,600,1636,双人对话;多人场景;极端表情,漫画页,总览视觉浏览,private_assets/derived/overview/01.jpg,
007,private_assets/source/123罗德岛_官方原图/003_令篇/02.png,600,1636,多人场景;双人对话;极端表情,漫画页,总览视觉浏览,private_assets/derived/overview/01.jpg,
008,private_assets/source/123罗德岛_官方原图/004_老鲤篇/01.jpg,600,1636,半身人物;双人对话;室内背景,漫画页,总览视觉浏览,private_assets/derived/overview/01.jpg,
009,private_assets/source/123罗德岛_官方原图/004_老鲤篇/02.jpg,600,1636,半身人物;双人对话;室内背景,漫画页,总览视觉浏览,private_assets/derived/overview/01.jpg,
010,private_assets/source/123罗德岛_官方原图/005_夜半篇/01.jpg,600,1636,全身人物;双人对话;室内背景,漫画页,总览视觉浏览,private_assets/derived/overview/01.jpg,
011,private_assets/source/123罗德岛_官方原图/005_夜半篇/02.jpg,600,1636,全身人物;多人场景;极端表情,漫画页,总览视觉浏览,private_assets/derived/overview/01.jpg,
012,private_assets/source/123罗德岛_官方原图/006_寒芒克洛丝篇/01.jpg,600,1636,半身人物;双人对话;极端表情,漫画页,总览视觉浏览,private_assets/derived/overview/01.jpg,
013,private_assets/source/123罗德岛_官方原图/006_寒芒克洛丝篇/02.jpg,600,1636,全身人物;多人场景;极端表情,漫画页,总览视觉浏览,private_assets/derived/overview/01.jpg,
014,private_assets/source/123罗德岛_官方原图/007_夏栎篇/01.jpg,600,1636,半身人物;多人场景;极端表情,漫画页,总览视觉浏览,private_assets/derived/overview/01.jpg,
015,private_assets/source/123罗德岛_官方原图/007_夏栎篇/02.jpg,600,1636,全身人物;多人场景,漫画页,总览视觉浏览,private_assets/derived/overview/01.jpg,
016,private_assets/source/123罗德岛_官方原图/008_澄闪篇/01.jpg,600,1636,全身人物;多人场景;极端表情,漫画页,总览视觉浏览,private_assets/derived/overview/01.jpg,
017,private_assets/source/123罗德岛_官方原图/008_澄闪篇/02.jpg,600,1636,全身人物;多人场景;极端表情,漫画页,总览视觉浏览,private_assets/derived/overview/01.jpg,
018,private_assets/source/123罗德岛_官方原图/009_斑点篇/01.jpg,600,1636,双人对话;半身人物;室内背景,漫画页,总览视觉浏览,private_assets/derived/overview/01.jpg,
019,private_assets/source/123罗德岛_官方原图/009_斑点篇/02.jpg,600,1636,双人对话;半身人物;室内背景,漫画页,总览视觉浏览,private_assets/derived/overview/01.jpg,
020,private_assets/source/123罗德岛_官方原图/010_菲亚梅塔篇/01.jpg,600,1636,全身人物;双人对话;室外背景,漫画页,总览视觉浏览,private_assets/derived/overview/01.jpg,
021,private_assets/source/123罗德岛_官方原图/010_菲亚梅塔篇/02.jpg,600,1636,大头特写;极端表情,漫画页,总览视觉浏览,private_assets/derived/overview/01.jpg,
022,private_assets/source/123罗德岛_官方原图/011_见行者篇/01.jpg,600,1636,双人对话;半身人物;室内背景,漫画页,总览视觉浏览,private_assets/derived/overview/01.jpg,
023,private_assets/source/123罗德岛_官方原图/011_见行者篇/02.jpg,600,1636,半身人物;极端表情,漫画页,总览视觉浏览,private_assets/derived/overview/01.jpg,
024,private_assets/source/123罗德岛_官方原图/012_风丸篇/01.jpg,600,1636,双人对话;多人场景;室内背景,漫画页,总览视觉浏览,private_assets/derived/overview/01.jpg,
025,private_assets/source/123罗德岛_官方原图/012_风丸篇/02.jpg,600,1636,全身人物;多人场景;极端表情,漫画页,总览视觉浏览,private_assets/derived/overview/02.jpg,
026,private_assets/source/123罗德岛_官方原图/013_黑角篇/01.jpg,600,1636,双人对话;半身人物;极端表情,漫画页,总览视觉浏览＋原像素裁片复核,private_assets/derived/overview/02.jpg,core
027,private_assets/source/123罗德岛_官方原图/013_黑角篇/02.jpg,600,1636,双人对话;半身人物;室内背景,漫画页,总览视觉浏览,private_assets/derived/overview/02.jpg,
028,private_assets/source/123罗德岛_官方原图/014_号角篇/01.jpg,600,1636,半身人物;双人对话;极端表情,漫画页,总览视觉浏览,private_assets/derived/overview/02.jpg,
029,private_assets/source/123罗德岛_官方原图/014_号角篇/02.jpg,600,1636,双人对话;半身人物;极端表情,漫画页,总览视觉浏览,private_assets/derived/overview/02.jpg,
030,private_assets/source/123罗德岛_官方原图/015_海蒂篇/01.jpg,600,1636,双人对话;多人场景,漫画页,总览视觉浏览,private_assets/derived/overview/02.jpg,
031,private_assets/source/123罗德岛_官方原图/015_海蒂篇/02.jpg,600,1636,半身人物;双人对话;多人场景,漫画页,总览视觉浏览,private_assets/derived/overview/02.jpg,
032,private_assets/source/123罗德岛_官方原图/016_褐果篇/01.jpg,600,1636,半身人物;多人场景;极端表情,漫画页,总览视觉浏览,private_assets/derived/overview/02.jpg,
033,private_assets/source/123罗德岛_官方原图/016_褐果篇/02.jpg,600,1636,双人对话;多人场景;室内背景,漫画页,总览视觉浏览,private_assets/derived/overview/02.jpg,
034,private_assets/source/123罗德岛_官方原图/017_洛洛篇/01.jpg,600,1636,双人对话;半身人物;室内背景,漫画页,总览视觉浏览,private_assets/derived/overview/02.jpg,
035,private_assets/source/123罗德岛_官方原图/017_洛洛篇/02.jpg,600,1636,全身人物;半身人物;室内背景,漫画页,总览视觉浏览,private_assets/derived/overview/02.jpg,
036,private_assets/source/123罗德岛_官方原图/018_暴行篇/01.jpg,600,1636,双人对话;多人场景;室内背景,漫画页,总览视觉浏览,private_assets/derived/overview/02.jpg,
037,private_assets/source/123罗德岛_官方原图/018_暴行篇/02.jpg,600,1636,双人对话;多人场景;极端表情,漫画页,总览视觉浏览,private_assets/derived/overview/02.jpg,
038,private_assets/source/123罗德岛_官方原图/019_归溟幽灵鲨篇/01.jpg,600,1636,双人对话;半身人物;室内背景,漫画页,总览视觉浏览,private_assets/derived/overview/02.jpg,
039,private_assets/source/123罗德岛_官方原图/019_归溟幽灵鲨篇/02.jpg,600,1636,双人对话;半身人物;极端表情,漫画页,总览视觉浏览,private_assets/derived/overview/02.jpg,
040,private_assets/source/123罗德岛_官方原图/020_艾丽妮篇/01.jpg,600,1636,半身人物;多人场景;极端表情,漫画页,总览视觉浏览,private_assets/derived/overview/02.jpg,
041,private_assets/source/123罗德岛_官方原图/020_艾丽妮篇/02.jpg,600,1636,全身人物;室内背景;室外背景,漫画页,总览视觉浏览,private_assets/derived/overview/02.jpg,
042,private_assets/source/123罗德岛_官方原图/021_流明篇/01.jpg,600,1636,半身人物;多人场景;极端表情,漫画页,总览视觉浏览,private_assets/derived/overview/02.jpg,
043,private_assets/source/123罗德岛_官方原图/021_流明篇/02.jpg,600,1636,双人对话;半身人物;极端表情,漫画页,总览视觉浏览,private_assets/derived/overview/02.jpg,
044,private_assets/source/123罗德岛_官方原图/022_掠风篇/01.jpg,600,1636,双人对话;半身人物;极端表情,漫画页,总览视觉浏览,private_assets/derived/overview/02.jpg,
045,private_assets/source/123罗德岛_官方原图/022_掠风篇/02.jpg,600,1636,双人对话;多人场景;极端表情,漫画页,总览视觉浏览,private_assets/derived/overview/02.jpg,
046,private_assets/source/123罗德岛_官方原图/023_煌篇/01.jpg,600,1636,全身人物;室外背景,漫画页,总览视觉浏览,private_assets/derived/overview/02.jpg,
047,private_assets/source/123罗德岛_官方原图/023_煌篇/02.jpg,600,1636,双人对话;半身人物;极端表情,漫画页,总览视觉浏览,private_assets/derived/overview/02.jpg,
048,private_assets/source/123罗德岛_官方原图/024_黑键篇/01.jpg,600,1636,半身人物;室内背景,漫画页,总览视觉浏览,private_assets/derived/overview/02.jpg,
049,private_assets/source/123罗德岛_官方原图/024_黑键篇/02.jpg,600,1636,双人对话;半身人物;极端表情,漫画页,总览视觉浏览,private_assets/derived/overview/03.jpg,
050,private_assets/source/123罗德岛_官方原图/025_濯尘芙蓉篇/01.jpg,600,1636,半身人物;大头特写;极端表情,漫画页,总览视觉浏览＋原像素裁片复核,private_assets/derived/overview/03.jpg,expression
051,private_assets/source/123罗德岛_官方原图/025_濯尘芙蓉篇/02.jpg,600,1636,双人对话;半身人物;极端表情,漫画页,总览视觉浏览,private_assets/derived/overview/03.jpg,
052,private_assets/source/123罗德岛_官方原图/026_车尔尼篇/01.jpg,600,1636,双人对话;半身人物;室内背景,漫画页,总览视觉浏览,private_assets/derived/overview/03.jpg,
053,private_assets/source/123罗德岛_官方原图/026_车尔尼篇/02.jpg,600,1636,双人对话;半身人物;极端表情,漫画页,总览视觉浏览,private_assets/derived/overview/03.jpg,
054,private_assets/source/123罗德岛_官方原图/027_芳汀篇/01.jpg,600,1636,全身人物;多人场景;室内背景,漫画页,总览视觉浏览,private_assets/derived/overview/03.jpg,
055,private_assets/source/123罗德岛_官方原图/027_芳汀篇/02.jpg,600,1636,全身人物;极端表情,漫画页,总览视觉浏览,private_assets/derived/overview/03.jpg,
056,private_assets/source/123罗德岛_官方原图/028_多萝西篇/01.jpg,600,1636,双人对话;半身人物;室内背景,漫画页,总览视觉浏览,private_assets/derived/overview/03.jpg,
057,private_assets/source/123罗德岛_官方原图/028_多萝西篇/02.jpg,600,1636,双人对话;半身人物;室内背景,漫画页,总览视觉浏览,private_assets/derived/overview/03.jpg,
058,private_assets/source/123罗德岛_官方原图/029_承曦格雷伊篇/01.jpg,600,1636,双人对话;半身人物;极端表情,漫画页,总览视觉浏览,private_assets/derived/overview/03.jpg,
059,private_assets/source/123罗德岛_官方原图/029_承曦格雷伊篇/02.jpg,600,1636,全身人物;多人场景;极端表情,漫画页,总览视觉浏览,private_assets/derived/overview/03.jpg,
060,private_assets/source/123罗德岛_官方原图/030_星源篇/01.jpg,600,1636,半身人物;双人对话;极端表情,漫画页,总览视觉浏览,private_assets/derived/overview/03.jpg,
061,private_assets/source/123罗德岛_官方原图/030_星源篇/02.jpg,600,1636,双人对话;半身人物;极端表情,漫画页,总览视觉浏览,private_assets/derived/overview/03.jpg,
062,private_assets/source/123罗德岛_官方原图/031_酸糖篇/01.jpg,600,1636,双人对话;半身人物;室内背景,漫画页,总览视觉浏览,private_assets/derived/overview/03.jpg,
063,private_assets/source/123罗德岛_官方原图/031_酸糖篇/02.jpg,600,1636,全身人物;双人对话;极端表情,漫画页,总览视觉浏览,private_assets/derived/overview/03.jpg,
064,private_assets/source/123罗德岛_官方原图/032_星熊篇/01.jpg,600,1636,双人对话;半身人物;室内背景,漫画页,总览视觉浏览,private_assets/derived/overview/03.jpg,
065,private_assets/source/123罗德岛_官方原图/032_星熊篇/02.jpg,600,1636,双人对话;半身人物;极端表情,漫画页,总览视觉浏览,private_assets/derived/overview/03.jpg,
066,private_assets/source/123罗德岛_官方原图/033_芬篇/01.jpg,600,1636,双人对话;半身人物;极端表情,漫画页,总览视觉浏览,private_assets/derived/overview/03.jpg,
067,private_assets/source/123罗德岛_官方原图/033_芬篇/02.jpg,600,1636,双人对话;半身人物;极端表情,漫画页,总览视觉浏览,private_assets/derived/overview/03.jpg,
068,private_assets/source/123罗德岛_官方原图/034_百炼嘉维尔篇/01.jpg,600,1636,半身人物;多人场景;极端表情,漫画页,总览视觉浏览,private_assets/derived/overview/03.jpg,
069,private_assets/source/123罗德岛_官方原图/034_百炼嘉维尔篇/02.jpg,600,1636,半身人物;多人场景;极端表情,漫画页,总览视觉浏览,private_assets/derived/overview/03.jpg,
070,private_assets/source/123罗德岛_官方原图/035_鸿雪篇/01.jpg,600,1636,半身人物;多人场景,漫画页,总览视觉浏览,private_assets/derived/overview/03.jpg,
071,private_assets/source/123罗德岛_官方原图/035_鸿雪篇/02.jpg,600,1636,大头特写;双人对话;极端表情,漫画页,总览视觉浏览,private_assets/derived/overview/03.jpg,
072,private_assets/source/123罗德岛_官方原图/036_晓歌篇/01.jpg,600,1636,双人对话;半身人物;室内背景,漫画页,总览视觉浏览,private_assets/derived/overview/03.jpg,
073,private_assets/source/123罗德岛_官方原图/036_晓歌篇/02.jpg,600,1636,双人对话;半身人物;室内背景,漫画页,总览视觉浏览,private_assets/derived/overview/04.jpg,
074,private_assets/source/123罗德岛_官方原图/037_至简篇/01.jpg,600,1636,半身人物;室内背景,漫画页,总览视觉浏览,private_assets/derived/overview/04.jpg,
075,private_assets/source/123罗德岛_官方原图/037_至简篇/02.jpg,600,1636,全身人物;多人场景;室内背景,漫画页,总览视觉浏览,private_assets/derived/overview/04.jpg,
076,private_assets/source/123罗德岛_官方原图/038_阿消篇/01.jpg,600,1636,双人对话;半身人物;室内背景,漫画页,总览视觉浏览,private_assets/derived/overview/04.jpg,
077,private_assets/source/123罗德岛_官方原图/038_阿消篇/02.jpg,600,1636,双人对话;多人场景;极端表情,漫画页,总览视觉浏览,private_assets/derived/overview/04.jpg,
078,private_assets/source/123罗德岛_官方原图/039_夜刀篇/01.jpg,600,1636,双人对话;半身人物;室内背景,漫画页,总览视觉浏览,private_assets/derived/overview/04.jpg,
079,private_assets/source/123罗德岛_官方原图/039_夜刀篇/02.jpg,600,1636,双人对话;半身人物;室内背景,漫画页,总览视觉浏览,private_assets/derived/overview/04.jpg,
080,private_assets/source/123罗德岛_官方原图/040_玛恩纳篇/01.jpg,600,1636,双人对话;半身人物;室内背景,漫画页,总览视觉浏览,private_assets/derived/overview/04.jpg,
081,private_assets/source/123罗德岛_官方原图/040_玛恩纳篇/02.jpg,600,1636,双人对话;半身人物;室内背景,漫画页,总览视觉浏览,private_assets/derived/overview/04.jpg,
082,private_assets/source/123罗德岛_官方原图/041_但书篇/01.jpg,600,1636,半身人物;多人场景,漫画页,总览视觉浏览,private_assets/derived/overview/04.jpg,
083,private_assets/source/123罗德岛_官方原图/041_但书篇/02.jpg,600,1636,双人对话;半身人物;极端表情,漫画页,总览视觉浏览,private_assets/derived/overview/04.jpg,
084,private_assets/source/123罗德岛_官方原图/042_罗小黑篇/01.jpg,600,1636,双人对话;半身人物;室内背景,漫画页,总览视觉浏览,private_assets/derived/overview/04.jpg,
085,private_assets/source/123罗德岛_官方原图/042_罗小黑篇/02.jpg,600,1636,全身人物;多人场景;极端表情,漫画页,总览视觉浏览,private_assets/derived/overview/04.jpg,
086,private_assets/source/123罗德岛_官方原图/043_杜宾篇/01.jpg,600,1636,全身人物;多人场景;室内背景,漫画页,总览视觉浏览,private_assets/derived/overview/04.jpg,
087,private_assets/source/123罗德岛_官方原图/043_杜宾篇/02.jpg,600,1636,双人对话;多人场景;室外背景,漫画页,总览视觉浏览,private_assets/derived/overview/04.jpg,
088,private_assets/source/123罗德岛_官方原图/044_香草篇/01.jpg,600,1636,双人对话;半身人物;室内背景,漫画页,总览视觉浏览,private_assets/derived/overview/04.jpg,
089,private_assets/source/123罗德岛_官方原图/044_香草篇/02.jpg,600,1636,双人对话;多人场景;极端表情,漫画页,总览视觉浏览,private_assets/derived/overview/04.jpg,
090,private_assets/source/123罗德岛_官方原图/045_白铁篇/01.jpg,600,1636,半身人物;多人场景;极端表情,漫画页,总览视觉浏览,private_assets/derived/overview/04.jpg,
091,private_assets/source/123罗德岛_官方原图/045_白铁篇/02.jpg,600,1636,双人对话;半身人物;极端表情,漫画页,总览视觉浏览,private_assets/derived/overview/04.jpg,
092,private_assets/source/123罗德岛_官方原图/046_明椒篇/01.jpg,600,1636,双人对话;半身人物;室内背景,漫画页,总览视觉浏览,private_assets/derived/overview/04.jpg,
093,private_assets/source/123罗德岛_官方原图/046_明椒篇/02.jpg,600,1636,半身人物;极端表情,漫画页,总览视觉浏览,private_assets/derived/overview/04.jpg,
094,private_assets/source/123罗德岛_官方原图/047_铅踝篇/01.jpg,600,1636,双人对话;半身人物;极端表情,漫画页,总览视觉浏览,private_assets/derived/overview/04.jpg,
095,private_assets/source/123罗德岛_官方原图/047_铅踝篇/02.jpg,600,1636,双人对话;多人场景;极端表情,漫画页,总览视觉浏览,private_assets/derived/overview/04.jpg,
096,private_assets/source/123罗德岛_官方原图/048_达格达篇/01.jpg,600,1636,全身人物;多人场景;室内背景,漫画页,总览视觉浏览,private_assets/derived/overview/04.jpg,
097,private_assets/source/123罗德岛_官方原图/048_达格达篇/02.jpg,600,1636,双人对话;多人场景;极端表情,漫画页,总览视觉浏览,private_assets/derived/overview/05.jpg,
098,private_assets/source/123罗德岛_官方原图/049_迷迭香篇/01.jpg,600,1636,全身人物;多人场景;室内背景,漫画页,总览视觉浏览,private_assets/derived/overview/05.jpg,
099,private_assets/source/123罗德岛_官方原图/049_迷迭香篇/02.jpg,600,1636,半身人物;大头特写;极端表情,漫画页,总览视觉浏览＋原像素裁片复核,private_assets/derived/overview/05.jpg,core
100,private_assets/source/123罗德岛_官方原图/050_伺夜篇/01.jpg,600,1636,半身人物;多人场景;极端表情,漫画页,总览视觉浏览,private_assets/derived/overview/05.jpg,
101,private_assets/source/123罗德岛_官方原图/050_伺夜篇/02.jpg,600,1636,半身人物;多人场景;室内背景,漫画页,总览视觉浏览,private_assets/derived/overview/05.jpg,
102,private_assets/source/123罗德岛_官方原图/051_斥罪篇/01.jpg,600,1636,半身人物;双人对话;极端表情,漫画页,总览视觉浏览,private_assets/derived/overview/05.jpg,
103,private_assets/source/123罗德岛_官方原图/051_斥罪篇/02.jpg,600,1636,双人对话;全身人物;极端表情,漫画页,总览视觉浏览,private_assets/derived/overview/05.jpg,
104,private_assets/source/123罗德岛_官方原图/052_子月篇/01.jpg,600,1636,双人对话;半身人物;室内背景,漫画页,总览视觉浏览,private_assets/derived/overview/05.jpg,
105,private_assets/source/123罗德岛_官方原图/052_子月篇/02.jpg,600,1636,双人对话;半身人物;极端表情,漫画页,总览视觉浏览,private_assets/derived/overview/05.jpg,
106,private_assets/source/123罗德岛_官方原图/053_缄默德克萨斯篇/01.jpg,600,1636,半身人物;室内背景,漫画页,总览视觉浏览,private_assets/derived/overview/05.jpg,
107,private_assets/source/123罗德岛_官方原图/053_缄默德克萨斯篇/02.jpg,600,1636,半身人物;多人场景;室内背景,漫画页,总览视觉浏览,private_assets/derived/overview/05.jpg,
108,private_assets/source/123罗德岛_官方原图/054_初雪篇/01.jpg,600,1636,半身人物;多人场景;极端表情,漫画页,总览视觉浏览,private_assets/derived/overview/05.jpg,
109,private_assets/source/123罗德岛_官方原图/054_初雪篇/02.jpg,600,1636,半身人物;多人场景;极端表情,漫画页,总览视觉浏览,private_assets/derived/overview/05.jpg,
110,private_assets/source/123罗德岛_官方原图/055_翎羽篇/01.jpg,600,1636,双人对话;半身人物;室内背景,漫画页,总览视觉浏览,private_assets/derived/overview/05.jpg,
111,private_assets/source/123罗德岛_官方原图/055_翎羽篇/02.jpg,600,1636,双人对话;半身人物;极端表情,漫画页,总览视觉浏览,private_assets/derived/overview/05.jpg,
112,private_assets/source/123罗德岛_官方原图/056_Lancet-2篇/01.jpg,600,1636,双人对话;半身人物;室内背景,漫画页,总览视觉浏览,private_assets/derived/overview/05.jpg,
113,private_assets/source/123罗德岛_官方原图/056_Lancet-2篇/02.jpg,600,1636,双人对话;半身人物;极端表情,漫画页,总览视觉浏览,private_assets/derived/overview/05.jpg,
114,private_assets/source/123罗德岛_官方原图/057_巡林者篇/01.jpg,600,1636,双人对话;半身人物;室内背景,漫画页,总览视觉浏览,private_assets/derived/overview/05.jpg,
115,private_assets/source/123罗德岛_官方原图/057_巡林者篇/02.jpg,600,1636,全身人物;多人场景;极端表情,漫画页,总览视觉浏览＋原像素裁片复核,private_assets/derived/overview/05.jpg,character
116,private_assets/source/123罗德岛_官方原图/058_谜图篇/01.jpg,600,1636,双人对话;大头特写;极端表情,漫画页,总览视觉浏览,private_assets/derived/overview/05.jpg,
117,private_assets/source/123罗德岛_官方原图/058_谜图篇/02.jpg,600,1636,双人对话;半身人物;极端表情,漫画页,总览视觉浏览＋原像素裁片复核,private_assets/derived/overview/05.jpg,expression
118,private_assets/source/123罗德岛_官方原图/059_焰影苇草篇/01.jpg,600,1636,双人对话;半身人物;室内背景,漫画页,总览视觉浏览,private_assets/derived/overview/05.jpg,
119,private_assets/source/123罗德岛_官方原图/059_焰影苇草篇/02.jpg,600,1636,双人对话;半身人物;室内背景,漫画页,总览视觉浏览,private_assets/derived/overview/05.jpg,
120,private_assets/source/123罗德岛_官方原图/060_和弦篇/01.jpg,600,1636,半身人物;多人场景;室内背景,漫画页,总览视觉浏览,private_assets/derived/overview/05.jpg,
121,private_assets/source/123罗德岛_官方原图/060_和弦篇/02.jpg,600,1636,半身人物;多人场景;极端表情,漫画页,总览视觉浏览,private_assets/derived/overview/06.jpg,
122,private_assets/source/123罗德岛_官方原图/061_玫兰莎篇/01.jpg,600,1636,双人对话;半身人物;极端表情,漫画页,总览视觉浏览,private_assets/derived/overview/06.jpg,
123,private_assets/source/123罗德岛_官方原图/061_玫兰莎篇/02.jpg,600,1636,双人对话;半身人物;极端表情,漫画页,总览视觉浏览,private_assets/derived/overview/06.jpg,
124,private_assets/source/123罗德岛_官方原图/062_水月篇/01.jpg,600,1636,双人对话;半身人物;室内背景,漫画页,总览视觉浏览,private_assets/derived/overview/06.jpg,
125,private_assets/source/123罗德岛_官方原图/062_水月篇/02.jpg,600,1636,半身人物;双人对话;极端表情,漫画页,总览视觉浏览,private_assets/derived/overview/06.jpg,
126,private_assets/source/123罗德岛_官方原图/063_海沫篇/01.jpg,600,1636,双人对话;半身人物;室内背景,漫画页,总览视觉浏览,private_assets/derived/overview/06.jpg,
127,private_assets/source/123罗德岛_官方原图/063_海沫篇/02.jpg,600,1636,全身人物;双人对话;极端表情,漫画页,总览视觉浏览,private_assets/derived/overview/06.jpg,
128,private_assets/source/123罗德岛_官方原图/064_凯尔希篇/01.jpg,600,1636,全身人物;双人对话;室内背景,漫画页,总览视觉浏览,private_assets/derived/overview/06.jpg,
129,private_assets/source/123罗德岛_官方原图/064_凯尔希篇/02.jpg,600,1636,半身人物;室内背景,漫画页,总览视觉浏览,private_assets/derived/overview/06.jpg,
130,private_assets/source/123罗德岛_官方原图/064_凯尔希篇/04.jpg,3840,2160,全身人物;多人场景,周年宣传图,总览视觉浏览,private_assets/derived/overview/06.jpg,
131,private_assets/source/123罗德岛_官方原图/065_重岳篇/01.jpg,600,1636,半身人物;多人场景;室内背景,漫画页,总览视觉浏览,private_assets/derived/overview/06.jpg,
132,private_assets/source/123罗德岛_官方原图/065_重岳篇/02.jpg,600,1636,双人对话;半身人物;室内背景,漫画页,总览视觉浏览,private_assets/derived/overview/06.jpg,
133,private_assets/source/123罗德岛_官方原图/066_截云篇/01.jpg,600,1636,双人对话;半身人物;极端表情,漫画页,总览视觉浏览,private_assets/derived/overview/06.jpg,
134,private_assets/source/123罗德岛_官方原图/066_截云篇/02.jpg,600,1636,双人对话;多人场景;室内背景,漫画页,总览视觉浏览,private_assets/derived/overview/06.jpg,
135,private_assets/source/123罗德岛_官方原图/067_林篇/01.jpg,600,1636,全身人物;双人对话,漫画页,总览视觉浏览,private_assets/derived/overview/06.jpg,
136,private_assets/source/123罗德岛_官方原图/067_林篇/02.jpg,600,1636,全身人物;双人对话;极端表情,漫画页,总览视觉浏览,private_assets/derived/overview/06.jpg,
137,private_assets/source/123罗德岛_官方原图/068_火哨篇/01.jpg,600,1636,双人对话;半身人物;室内背景,漫画页,总览视觉浏览＋原像素裁片复核,private_assets/derived/overview/06.jpg,composition
138,private_assets/source/123罗德岛_官方原图/068_火哨篇/02.jpg,600,1636,双人对话;半身人物;极端表情,漫画页,总览视觉浏览,private_assets/derived/overview/06.jpg,
139,private_assets/source/123罗德岛_官方原图/069_凛冬篇/01.jpg,600,1636,全身人物;多人场景;室内背景,漫画页,总览视觉浏览,private_assets/derived/overview/06.jpg,
140,private_assets/source/123罗德岛_官方原图/069_凛冬篇/02.jpg,600,1636,半身人物;极端表情,漫画页,总览视觉浏览,private_assets/derived/overview/06.jpg,
141,private_assets/source/123罗德岛_官方原图/070_特米米篇/01.jpg,600,1636,半身人物;大头特写;极端表情,漫画页,总览视觉浏览,private_assets/derived/overview/06.jpg,
142,private_assets/source/123罗德岛_官方原图/070_特米米篇/02.jpg,600,1636,全身人物;多人场景;极端表情,漫画页,总览视觉浏览,private_assets/derived/overview/06.jpg,
143,private_assets/source/123罗德岛_官方原图/071_仇白篇/01.jpg,600,1636,双人对话;半身人物;室内背景,漫画页,总览视觉浏览,private_assets/derived/overview/06.jpg,
144,private_assets/source/123罗德岛_官方原图/071_仇白篇/02.jpg,600,1636,双人对话;多人场景;室内背景,漫画页,总览视觉浏览,private_assets/derived/overview/06.jpg,
145,private_assets/source/123罗德岛_官方原图/072_铎铃篇/01.jpg,600,1636,双人对话;半身人物;室内背景,漫画页,总览视觉浏览＋原像素裁片复核,private_assets/derived/overview/07.jpg,core
146,private_assets/source/123罗德岛_官方原图/072_铎铃篇/02.jpg,600,1636,双人对话;半身人物;极端表情,漫画页,总览视觉浏览,private_assets/derived/overview/07.jpg,
147,private_assets/source/123罗德岛_官方原图/073_苦艾篇/01.jpg,600,1636,双人对话;半身人物;室内背景,漫画页,总览视觉浏览,private_assets/derived/overview/07.jpg,
148,private_assets/source/123罗德岛_官方原图/073_苦艾篇/02.jpg,600,1636,全身人物;极端表情,漫画页,总览视觉浏览,private_assets/derived/overview/07.jpg,
149,private_assets/source/123罗德岛_官方原图/074_孑篇/01.jpg,600,1636,大头特写;极端表情,漫画页,总览视觉浏览,private_assets/derived/overview/07.jpg,
150,private_assets/source/123罗德岛_官方原图/074_孑篇/02.jpg,600,1636,双人对话;半身人物;室内背景,漫画页,总览视觉浏览,private_assets/derived/overview/07.jpg,
151,private_assets/source/123罗德岛_官方原图/075_安德切尔篇/01.jpg,600,1636,半身人物;室内背景,漫画页,总览视觉浏览,private_assets/derived/overview/07.jpg,
152,private_assets/source/123罗德岛_官方原图/075_安德切尔篇/02.jpg,600,1636,半身人物;室内背景,漫画页,总览视觉浏览,private_assets/derived/overview/07.jpg,
153,private_assets/source/123罗德岛_官方原图/076_斯卡蒂篇/01.jpg,600,1636,双人对话;半身人物;室内背景,漫画页,总览视觉浏览,private_assets/derived/overview/07.jpg,
154,private_assets/source/123罗德岛_官方原图/076_斯卡蒂篇/02.jpg,600,1636,双人对话;半身人物;室内背景,漫画页,总览视觉浏览,private_assets/derived/overview/07.jpg,
155,private_assets/source/123罗德岛_官方原图/077_米格鲁篇/01.jpg,600,1636,半身人物;室内背景,漫画页,总览视觉浏览,private_assets/derived/overview/07.jpg,
156,private_assets/source/123罗德岛_官方原图/077_米格鲁篇/02.jpg,600,1636,双人对话;半身人物;极端表情,漫画页,总览视觉浏览,private_assets/derived/overview/07.jpg,
157,private_assets/source/123罗德岛_官方原图/078_U-official篇/01.jpg,600,1636,双人对话;半身人物;极端表情,漫画页,总览视觉浏览,private_assets/derived/overview/07.jpg,
158,private_assets/source/123罗德岛_官方原图/078_U-official篇/02.jpg,600,1636,全身人物;双人对话;极端表情,漫画页,总览视觉浏览,private_assets/derived/overview/07.jpg,
159,private_assets/source/123罗德岛_官方原图/079_摩根篇/01.jpg,600,1636,双人对话;半身人物;室内背景,漫画页,总览视觉浏览,private_assets/derived/overview/07.jpg,
160,private_assets/source/123罗德岛_官方原图/079_摩根篇/02.jpg,600,1636,双人对话;半身人物;极端表情,漫画页,总览视觉浏览,private_assets/derived/overview/07.jpg,
161,private_assets/source/123罗德岛_官方原图/080_伊内丝篇/01.jpg,600,1636,半身人物;多人场景;极端表情,漫画页,总览视觉浏览,private_assets/derived/overview/07.jpg,
162,private_assets/source/123罗德岛_官方原图/080_伊内丝篇/02.jpg,600,1636,全身人物;极端表情,漫画页,总览视觉浏览,private_assets/derived/overview/07.jpg,
163,private_assets/source/123罗德岛_官方原图/081_休谟斯篇/01.jpg,600,1636,双人对话;半身人物;极端表情,漫画页,总览视觉浏览,private_assets/derived/overview/07.jpg,
164,private_assets/source/123罗德岛_官方原图/081_休谟斯篇/02.jpg,600,1636,全身人物;多人场景;极端表情,漫画页,总览视觉浏览,private_assets/derived/overview/07.jpg,
165,private_assets/source/123罗德岛_官方原图/082_洋灰篇/01.jpg,600,1636,半身人物;多人场景;极端表情,漫画页,总览视觉浏览,private_assets/derived/overview/07.jpg,
166,private_assets/source/123罗德岛_官方原图/082_洋灰篇/02.jpg,600,1636,双人对话;半身人物;极端表情,漫画页,总览视觉浏览,private_assets/derived/overview/07.jpg,
167,private_assets/source/123罗德岛_官方原图/083_芙兰卡篇/01.jpg,600,1636,全身人物;双人对话;极端表情,漫画页,总览视觉浏览,private_assets/derived/overview/07.jpg,
168,private_assets/source/123罗德岛_官方原图/083_芙兰卡篇/02.jpg,600,1636,双人对话;多人场景;极端表情,漫画页,总览视觉浏览,private_assets/derived/overview/07.jpg,
169,private_assets/source/123罗德岛_官方原图/084_雷蛇篇/01.jpg,600,1636,双人对话;多人场景;室内背景,漫画页,总览视觉浏览,private_assets/derived/overview/08.jpg,
170,private_assets/source/123罗德岛_官方原图/084_雷蛇篇/02.jpg,600,1636,双人对话;半身人物;极端表情,漫画页,总览视觉浏览,private_assets/derived/overview/08.jpg,
171,private_assets/source/123罗德岛_官方原图/085_淬羽赫默篇/01.jpg,600,1636,双人对话;半身人物;室内背景,漫画页,总览视觉浏览,private_assets/derived/overview/08.jpg,
172,private_assets/source/123罗德岛_官方原图/085_淬羽赫默篇/02.jpg,600,1636,双人对话;半身人物;室内背景,漫画页,总览视觉浏览,private_assets/derived/overview/08.jpg,
173,private_assets/source/123罗德岛_官方原图/086_缪尔赛思篇/01.jpg,600,1636,双人对话;半身人物;极端表情,漫画页,总览视觉浏览,private_assets/derived/overview/08.jpg,
174,private_assets/source/123罗德岛_官方原图/086_缪尔赛思篇/02.jpg,600,1636,半身人物;大头特写;极端表情,漫画页,总览视觉浏览,private_assets/derived/overview/08.jpg,
175,private_assets/source/123罗德岛_官方原图/087_霍尔海雅篇/01.jpg,600,1636,双人对话;半身人物;室内背景,漫画页,总览视觉浏览,private_assets/derived/overview/08.jpg,
176,private_assets/source/123罗德岛_官方原图/087_霍尔海雅篇/02.jpg,600,1636,双人对话;半身人物;极端表情,漫画页,总览视觉浏览,private_assets/derived/overview/08.jpg,
177,private_assets/source/123罗德岛_官方原图/088_玫拉篇/01.jpg,600,1636,半身人物;多人场景;极端表情,漫画页,总览视觉浏览,private_assets/derived/overview/08.jpg,
178,private_assets/source/123罗德岛_官方原图/088_玫拉篇/02.jpg,600,1636,半身人物;多人场景;极端表情,漫画页,总览视觉浏览,private_assets/derived/overview/08.jpg,
179,private_assets/source/123罗德岛_官方原图/089_绮良篇/01.jpg,600,1636,半身人物;大头特写;极端表情,漫画页,总览视觉浏览,private_assets/derived/overview/08.jpg,
180,private_assets/source/123罗德岛_官方原图/089_绮良篇/02.jpg,600,1636,双人对话;半身人物;极端表情,漫画页,总览视觉浏览,private_assets/derived/overview/08.jpg,
181,private_assets/source/123罗德岛_官方原图/090_Friston-3篇/01.jpg,600,1636,双人对话;半身人物;室内背景,漫画页,总览视觉浏览,private_assets/derived/overview/08.jpg,
182,private_assets/source/123罗德岛_官方原图/090_Friston-3篇/02.jpg,600,1636,双人对话;半身人物;室内背景,漫画页,总览视觉浏览,private_assets/derived/overview/08.jpg,
183,private_assets/source/123罗德岛_官方原图/091_杰西卡篇/01.jpg,600,1636,双人对话;半身人物;极端表情,漫画页,总览视觉浏览,private_assets/derived/overview/08.jpg,
184,private_assets/source/123罗德岛_官方原图/091_杰西卡篇/02.jpg,600,1636,半身人物;大头特写;极端表情,漫画页,总览视觉浏览＋原像素裁片复核,private_assets/derived/overview/08.jpg,expression
185,private_assets/source/123罗德岛_官方原图/092_隐现篇/01.jpg,600,1636,半身人物;多人场景;室内背景,漫画页,总览视觉浏览,private_assets/derived/overview/08.jpg,
186,private_assets/source/123罗德岛_官方原图/092_隐现篇/02.jpg,600,1636,全身人物;多人场景;极端表情,漫画页,总览视觉浏览,private_assets/derived/overview/08.jpg,
187,private_assets/source/123罗德岛_官方原图/093_圣约送葬人篇/01.jpg,600,1636,半身人物;多人场景;极端表情,漫画页,总览视觉浏览,private_assets/derived/overview/08.jpg,
188,private_assets/source/123罗德岛_官方原图/093_圣约送葬人篇/02.jpg,600,1636,半身人物;多人场景;极端表情,漫画页,总览视觉浏览,private_assets/derived/overview/08.jpg,
189,private_assets/source/123罗德岛_官方原图/094_空构篇/01.jpg,600,1636,双人对话;多人场景;极端表情,漫画页,总览视觉浏览,private_assets/derived/overview/08.jpg,
190,private_assets/source/123罗德岛_官方原图/094_空构篇/02.jpg,600,1636,全身人物;双人对话;室内背景,漫画页,总览视觉浏览,private_assets/derived/overview/08.jpg,
191,private_assets/source/123罗德岛_官方原图/095_梅尔篇/01.jpg,600,1636,半身人物;室内背景,漫画页,总览视觉浏览,private_assets/derived/overview/08.jpg,
192,private_assets/source/123罗德岛_官方原图/095_梅尔篇/02.jpg,600,1636,双人对话;半身人物;室内背景,漫画页,总览视觉浏览,private_assets/derived/overview/08.jpg,
193,private_assets/source/123罗德岛_官方原图/096_赫拉格篇/01.jpg,600,1636,半身人物;多人场景;极端表情,漫画页,总览视觉浏览,private_assets/derived/overview/09.jpg,
194,private_assets/source/123罗德岛_官方原图/096_赫拉格篇/02.jpg,600,1636,双人对话;半身人物;极端表情,漫画页,总览视觉浏览,private_assets/derived/overview/09.jpg,
195,private_assets/source/123罗德岛_官方原图/097_提丰篇/01.jpg,600,1636,半身人物;多人场景;极端表情,漫画页,总览视觉浏览,private_assets/derived/overview/09.jpg,
196,private_assets/source/123罗德岛_官方原图/097_提丰篇/02.jpg,600,1636,多人场景;室外背景,漫画页,总览视觉浏览,private_assets/derived/overview/09.jpg,
197,private_assets/source/123罗德岛_官方原图/098_寒檀篇/01.jpg,600,1636,双人对话;半身人物;室内背景,漫画页,总览视觉浏览,private_assets/derived/overview/09.jpg,
198,private_assets/source/123罗德岛_官方原图/098_寒檀篇/02.jpg,600,1636,全身人物;多人场景;室外背景,漫画页,总览视觉浏览＋原像素裁片复核,private_assets/derived/overview/09.jpg,composition
199,private_assets/source/123罗德岛_官方原图/099_凛视篇/01.jpg,600,1636,双人对话;半身人物;室内背景,漫画页,总览视觉浏览,private_assets/derived/overview/09.jpg,
200,private_assets/source/123罗德岛_官方原图/099_凛视篇/02.jpg,600,1636,双人对话;半身人物;室内背景,漫画页,总览视觉浏览,private_assets/derived/overview/09.jpg,
201,private_assets/source/123罗德岛_官方原图/100_槐琥篇/01.jpg,600,1636,半身人物;多人场景;极端表情,漫画页,总览视觉浏览,private_assets/derived/overview/09.jpg,
202,private_assets/source/123罗德岛_官方原图/100_槐琥篇/02.jpg,600,1636,全身人物;极端表情,漫画页,总览视觉浏览,private_assets/derived/overview/09.jpg,
203,private_assets/source/123罗德岛_官方原图/101_夜烟篇/01.jpg,600,1636,双人对话;半身人物;室内背景,漫画页,总览视觉浏览,private_assets/derived/overview/09.jpg,
204,private_assets/source/123罗德岛_官方原图/101_夜烟篇/02.jpg,600,1636,双人对话;半身人物;室内背景,漫画页,总览视觉浏览,private_assets/derived/overview/09.jpg,
205,private_assets/source/123罗德岛_官方原图/102_纯烬艾雅法拉篇/01.jpg,600,1636,半身人物;多人场景;室内背景,漫画页,总览视觉浏览,private_assets/derived/overview/09.jpg,
206,private_assets/source/123罗德岛_官方原图/102_纯烬艾雅法拉篇/02.jpg,600,1636,全身人物;多人场景;极端表情,漫画页,总览视觉浏览,private_assets/derived/overview/09.jpg,
207,private_assets/source/123罗德岛_官方原图/103_青枳篇/01.jpg,600,1636,双人对话;半身人物;室内背景,漫画页,总览视觉浏览,private_assets/derived/overview/09.jpg,
208,private_assets/source/123罗德岛_官方原图/103_青枳篇/02.jpg,600,1636,双人对话;多人场景;极端表情,漫画页,总览视觉浏览,private_assets/derived/overview/09.jpg,
209,private_assets/source/123罗德岛_官方原图/104_琳琅诗怀雅篇/01.jpg,600,1636,双人对话;半身人物;室内背景,漫画页,总览视觉浏览,private_assets/derived/overview/09.jpg,
210,private_assets/source/123罗德岛_官方原图/104_琳琅诗怀雅篇/02.jpg,600,1636,双人对话;半身人物;极端表情,漫画页,总览视觉浏览,private_assets/derived/overview/09.jpg,
211,private_assets/source/123罗德岛_官方原图/105_苍苔篇/01.jpg,600,1636,双人对话;多人场景;室内背景,漫画页,总览视觉浏览,private_assets/derived/overview/09.jpg,
212,private_assets/source/123罗德岛_官方原图/105_苍苔篇/02.jpg,600,1636,双人对话;半身人物;极端表情,漫画页,总览视觉浏览,private_assets/derived/overview/09.jpg,
213,private_assets/source/123罗德岛_官方原图/106_安洁莉娜篇/01.jpg,600,1636,双人对话;半身人物;极端表情,漫画页,总览视觉浏览,private_assets/derived/overview/09.jpg,
214,private_assets/source/123罗德岛_官方原图/106_安洁莉娜篇/02.jpg,600,1636,双人对话;半身人物;室内背景,漫画页,总览视觉浏览,private_assets/derived/overview/09.jpg,
215,private_assets/source/123罗德岛_官方原图/107_史都华德篇/01.jpg,600,1636,双人对话;半身人物;室内背景,漫画页,总览视觉浏览,private_assets/derived/overview/09.jpg,
216,private_assets/source/123罗德岛_官方原图/107_史都华德篇/02.jpg,600,1636,双人对话;多人场景;极端表情,漫画页,总览视觉浏览,private_assets/derived/overview/09.jpg,
217,private_assets/source/123罗德岛_官方原图/108_阿篇/01.jpg,600,1636,全身人物;半身人物;室内背景,漫画页,总览视觉浏览,private_assets/derived/overview/10.jpg,
218,private_assets/source/123罗德岛_官方原图/108_阿篇/02.jpg,600,1636,双人对话;半身人物;极端表情,漫画页,总览视觉浏览,private_assets/derived/overview/10.jpg,
219,private_assets/source/123罗德岛_官方原图/109_涤火杰西卡篇/01.jpg,600,1636,半身人物;大头特写;极端表情,漫画页,总览视觉浏览,private_assets/derived/overview/10.jpg,
220,private_assets/source/123罗德岛_官方原图/109_涤火杰西卡篇/02.jpg,600,1636,全身人物;双人对话;室外背景,漫画页,总览视觉浏览,private_assets/derived/overview/10.jpg,
221,private_assets/source/123罗德岛_官方原图/110_杏仁篇/01.jpg,600,1636,大头特写;极端表情,漫画页,总览视觉浏览,private_assets/derived/overview/10.jpg,
222,private_assets/source/123罗德岛_官方原图/110_杏仁篇/02.jpg,600,1636,双人对话;半身人物;极端表情,漫画页,总览视觉浏览,private_assets/derived/overview/10.jpg,
223,private_assets/source/123罗德岛_官方原图/111_冰酿篇/01.jpg,600,1636,全身人物;室外背景,漫画页,总览视觉浏览,private_assets/derived/overview/10.jpg,
224,private_assets/source/123罗德岛_官方原图/111_冰酿篇/02.jpg,600,1636,半身人物;多人场景;室内背景,漫画页,总览视觉浏览,private_assets/derived/overview/10.jpg,
225,private_assets/source/123罗德岛_官方原图/112_清道夫篇/01.jpg,600,1636,半身人物;室内背景,漫画页,总览视觉浏览,private_assets/derived/overview/10.jpg,
226,private_assets/source/123罗德岛_官方原图/112_清道夫篇/02.jpg,600,1636,全身人物;大头特写;极端表情,漫画页,总览视觉浏览,private_assets/derived/overview/10.jpg,
227,private_assets/source/123罗德岛_官方原图/113_极光篇/01.jpg,600,1636,半身人物;极端表情,漫画页,总览视觉浏览,private_assets/derived/overview/10.jpg,
228,private_assets/source/123罗德岛_官方原图/113_极光篇/02.jpg,600,1636,全身人物;多人场景;极端表情,漫画页,总览视觉浏览,private_assets/derived/overview/10.jpg,
229,private_assets/source/123罗德岛_官方原图/114_断崖篇/01.jpg,600,1636,半身人物;多人场景;极端表情,漫画页,总览视觉浏览,private_assets/derived/overview/10.jpg,
230,private_assets/source/123罗德岛_官方原图/114_断崖篇/02.jpg,600,1636,半身人物;多人场景;极端表情,漫画页,总览视觉浏览,private_assets/derived/overview/10.jpg,
231,private_assets/source/123罗德岛_官方原图/115_赫默篇/01.jpg,600,1636,全身人物;双人对话;室外背景,漫画页,总览视觉浏览,private_assets/derived/overview/10.jpg,
232,private_assets/source/123罗德岛_官方原图/115_赫默篇/02.jpg,600,1636,全身人物;多人场景;室内背景,漫画页,总览视觉浏览,private_assets/derived/overview/10.jpg,
233,private_assets/source/123罗德岛_官方原图/116_赫德雷篇/01.jpg,600,1636,半身人物;多人场景;极端表情,漫画页,总览视觉浏览,private_assets/derived/overview/10.jpg,
234,private_assets/source/123罗德岛_官方原图/116_赫德雷篇/02.jpg,600,1636,双人对话;半身人物;室内背景,漫画页,总览视觉浏览,private_assets/derived/overview/10.jpg,
235,private_assets/source/123罗德岛_官方原图/117_戴菲恩篇/01.jpg,600,1636,双人对话;半身人物;室内背景,漫画页,总览视觉浏览,private_assets/derived/overview/10.jpg,
236,private_assets/source/123罗德岛_官方原图/117_戴菲恩篇/02.jpg,600,1636,全身人物;室外背景,漫画页,总览视觉浏览＋原像素裁片复核,private_assets/derived/overview/10.jpg,composition
237,private_assets/source/123罗德岛_官方原图/118_刺玫篇/01.jpg,600,1636,半身人物;大头特写;极端表情,漫画页,总览视觉浏览,private_assets/derived/overview/10.jpg,
238,private_assets/source/123罗德岛_官方原图/118_刺玫篇/02.jpg,600,1636,双人对话;半身人物;极端表情,漫画页,总览视觉浏览,private_assets/derived/overview/10.jpg,
239,private_assets/source/123罗德岛_官方原图/119_维荻篇/01.jpg,600,1636,双人对话;多人场景;室内背景,漫画页,总览视觉浏览,private_assets/derived/overview/10.jpg,
240,private_assets/source/123罗德岛_官方原图/119_维荻篇/02.jpg,600,1636,全身人物;双人对话,漫画页,总览视觉浏览,private_assets/derived/overview/10.jpg,
241,private_assets/source/123罗德岛_官方原图/120_慕斯篇/01.jpg,600,1636,双人对话;半身人物;室内背景,漫画页,总览视觉浏览,private_assets/derived/overview/11.jpg,
242,private_assets/source/123罗德岛_官方原图/120_慕斯篇/02.jpg,600,1636,双人对话;半身人物;室内背景,漫画页,总览视觉浏览,private_assets/derived/overview/11.jpg,
243,private_assets/source/123罗德岛_官方原图/121_塑心篇/01.jpg,600,1636,双人对话;半身人物;室内背景,漫画页,总览视觉浏览,private_assets/derived/overview/11.jpg,
244,private_assets/source/123罗德岛_官方原图/121_塑心篇/02.jpg,600,1636,双人对话;半身人物;室内背景,漫画页,总览视觉浏览,private_assets/derived/overview/11.jpg,
245,private_assets/source/123罗德岛_官方原图/122_止颂篇/01.jpg,600,1636,双人对话;多人场景;室内背景,漫画页,总览视觉浏览,private_assets/derived/overview/11.jpg,
246,private_assets/source/123罗德岛_官方原图/122_止颂篇/02.jpg,600,1636,全身人物;双人对话;室内背景,漫画页,总览视觉浏览,private_assets/derived/overview/11.jpg,
247,private_assets/source/123罗德岛_官方原图/123_薇薇安娜篇/01.jpg,600,1636,双人对话;半身人物;极端表情,漫画页,总览视觉浏览,private_assets/derived/overview/11.jpg,
248,private_assets/source/123罗德岛_官方原图/123_薇薇安娜篇/02.jpg,600,1636,半身人物;多人场景;极端表情,漫画页,总览视觉浏览,private_assets/derived/overview/11.jpg,
249,private_assets/source/123罗德岛_官方原图/124_深律篇/01.jpg,600,1636,双人对话;半身人物;室内背景,漫画页,总览视觉浏览,private_assets/derived/overview/11.jpg,
250,private_assets/source/123罗德岛_官方原图/124_深律篇/02.jpg,600,1636,双人对话;半身人物;室内背景,漫画页,总览视觉浏览,private_assets/derived/overview/11.jpg,
251,private_assets/source/123罗德岛_官方原图/125_折光篇/01.jpg,600,1636,双人对话;多人场景;极端表情,漫画页,总览视觉浏览,private_assets/derived/overview/11.jpg,
252,private_assets/source/123罗德岛_官方原图/125_折光篇/02.jpg,600,1636,双人对话;半身人物;极端表情,漫画页,总览视觉浏览,private_assets/derived/overview/11.jpg,
253,private_assets/source/123罗德岛_官方原图/126_跃跃篇/01.jpg,600,1636,全身人物;多人场景,漫画页,总览视觉浏览,private_assets/derived/overview/11.jpg,
254,private_assets/source/123罗德岛_官方原图/126_跃跃篇/02.jpg,600,1636,双人对话;半身人物;室内背景,漫画页,总览视觉浏览,private_assets/derived/overview/11.jpg,
255,private_assets/source/123罗德岛_官方原图/127_能天使篇/01.jpg,600,1636,半身人物;多人场景;室内背景,漫画页,总览视觉浏览,private_assets/derived/overview/11.jpg,
256,private_assets/source/123罗德岛_官方原图/127_能天使篇/02.jpg,600,1636,全身人物;多人场景;极端表情,漫画页,总览视觉浏览,private_assets/derived/overview/11.jpg,
257,private_assets/source/123罗德岛_官方原图/128_深靛篇/01.jpg,600,1636,双人对话;大头特写;极端表情,漫画页,总览视觉浏览,private_assets/derived/overview/11.jpg,
258,private_assets/source/123罗德岛_官方原图/128_深靛篇/02.jpg,600,1636,双人对话;半身人物;室内背景,漫画页,总览视觉浏览,private_assets/derived/overview/11.jpg,
259,private_assets/source/123罗德岛_官方原图/129_锏篇/01.jpg,600,1636,全身人物;多人场景;极端表情,漫画页,总览视觉浏览,private_assets/derived/overview/11.jpg,
260,private_assets/source/123罗德岛_官方原图/129_锏篇/02.jpg,600,1636,双人对话;半身人物;极端表情,漫画页,总览视觉浏览,private_assets/derived/overview/11.jpg,
261,private_assets/source/123罗德岛_官方原图/130_烈夏篇/01.jpg,600,1636,双人对话;半身人物;室内背景,漫画页,总览视觉浏览,private_assets/derived/overview/11.jpg,
262,private_assets/source/123罗德岛_官方原图/130_烈夏篇/02.jpg,600,1636,双人对话;半身人物;室内背景,漫画页,总览视觉浏览,private_assets/derived/overview/11.jpg,
263,private_assets/source/123罗德岛_官方原图/131_哈洛德篇/01.jpg,600,1636,半身人物;室内背景,漫画页,总览视觉浏览,private_assets/derived/overview/11.jpg,
264,private_assets/source/123罗德岛_官方原图/131_哈洛德篇/02.jpg,600,1636,双人对话;半身人物;极端表情,漫画页,总览视觉浏览,private_assets/derived/overview/11.jpg,
265,private_assets/source/123罗德岛_官方原图/132_格拉尼篇/01.jpg,600,1636,双人对话;半身人物;室内背景,漫画页,总览视觉浏览,private_assets/derived/overview/12.jpg,
266,private_assets/source/123罗德岛_官方原图/132_格拉尼篇/02.jpg,600,1636,全身人物;多人场景;极端表情,漫画页,总览视觉浏览,private_assets/derived/overview/12.jpg,
267,private_assets/source/123罗德岛_官方原图/133_调香师篇/01.jpg,600,1636,双人对话;半身人物;室内背景,漫画页,总览视觉浏览,private_assets/derived/overview/12.jpg,
268,private_assets/source/123罗德岛_官方原图/133_调香师篇/02.jpg,600,1636,双人对话;半身人物;室内背景,漫画页,总览视觉浏览,private_assets/derived/overview/12.jpg,
269,private_assets/source/123罗德岛_官方原图/134_塞雷娅篇/01.jpg,600,1636,半身人物;多人场景;极端表情,漫画页,总览视觉浏览,private_assets/derived/overview/12.jpg,
270,private_assets/source/123罗德岛_官方原图/134_塞雷娅篇/02.jpg,600,1636,双人对话;半身人物;室内背景,漫画页,总览视觉浏览,private_assets/derived/overview/12.jpg,
271,private_assets/source/123罗德岛_官方原图/135_古米篇/01.jpg,600,1636,双人对话;半身人物;极端表情,漫画页,总览视觉浏览,private_assets/derived/overview/12.jpg,
272,private_assets/source/123罗德岛_官方原图/135_古米篇/02.jpg,600,1636,半身人物;室内背景,漫画页,总览视觉浏览,private_assets/derived/overview/12.jpg,
273,private_assets/source/123罗德岛_官方原图/136_莱伊篇/01.jpg,600,1636,半身人物;多人场景;室内背景,漫画页,总览视觉浏览,private_assets/derived/overview/12.jpg,
274,private_assets/source/123罗德岛_官方原图/136_莱伊篇/02.jpg,600,1636,双人对话;半身人物;室内背景,漫画页,总览视觉浏览,private_assets/derived/overview/12.jpg,
275,private_assets/source/123罗德岛_官方原图/137_温米篇/01.jpg,600,1636,双人对话;半身人物;室内背景,漫画页,总览视觉浏览,private_assets/derived/overview/12.jpg,
276,private_assets/source/123罗德岛_官方原图/137_温米篇/02.jpg,600,1636,双人对话;半身人物;室内背景,漫画页,总览视觉浏览,private_assets/derived/overview/12.jpg,
277,private_assets/source/123罗德岛_官方原图/138_陈篇/01.jpg,600,1636,双人对话;半身人物;室内背景,漫画页,总览视觉浏览,private_assets/derived/overview/12.jpg,
278,private_assets/source/123罗德岛_官方原图/138_陈篇/02.jpg,600,1636,全身人物;多人场景;极端表情,漫画页,总览视觉浏览,private_assets/derived/overview/12.jpg,
279,private_assets/source/123罗德岛_官方原图/138_陈篇/04.png,1920,1080,全身人物;多人场景,周年宣传图,总览视觉浏览,private_assets/derived/overview/12.jpg,
280,private_assets/source/123罗德岛_官方原图/139_12F篇/01.jpg,600,1636,全身人物;室外背景,漫画页,总览视觉浏览,private_assets/derived/overview/12.jpg,
281,private_assets/source/123罗德岛_官方原图/139_12F篇/02.jpg,600,1636,全身人物;双人对话;室外背景,漫画页,总览视觉浏览,private_assets/derived/overview/12.jpg,
282,private_assets/source/123罗德岛_官方原图/140_暗索篇/01.jpg,600,1636,半身人物;双人对话,漫画页,总览视觉浏览,private_assets/derived/overview/12.jpg,
283,private_assets/source/123罗德岛_官方原图/140_暗索篇/02.jpg,600,1636,双人对话;半身人物;极端表情,漫画页,总览视觉浏览,private_assets/derived/overview/12.jpg,
284,private_assets/source/123罗德岛_官方原图/141_黍篇/01.jpg,600,1636,全身人物;多人场景;极端表情,漫画页,总览视觉浏览,private_assets/derived/overview/12.jpg,
285,private_assets/source/123罗德岛_官方原图/141_黍篇/02.jpg,600,1636,全身人物;多人场景;极端表情,漫画页,总览视觉浏览,private_assets/derived/overview/12.jpg,
286,private_assets/source/123罗德岛_官方原图/142_万顷篇/01.jpg,600,1636,双人对话;半身人物;极端表情,漫画页,总览视觉浏览,private_assets/derived/overview/12.jpg,
287,private_assets/source/123罗德岛_官方原图/142_万顷篇/02.jpg,600,1636,双人对话;半身人物;室内背景,漫画页,总览视觉浏览,private_assets/derived/overview/12.jpg,
288,private_assets/source/123罗德岛_官方原图/143_左乐篇/01.jpg,600,1636,双人对话;多人场景;室内背景,漫画页,总览视觉浏览,private_assets/derived/overview/12.jpg,
289,private_assets/source/123罗德岛_官方原图/143_左乐篇/02.jpg,600,1636,全身人物;多人场景;极端表情,漫画页,总览视觉浏览,private_assets/derived/overview/13.jpg,
290,private_assets/source/123罗德岛_官方原图/144_小满篇/01.jpg,600,1636,双人对话;多人场景;室内背景,漫画页,总览视觉浏览,private_assets/derived/overview/13.jpg,
291,private_assets/source/123罗德岛_官方原图/144_小满篇/02.jpg,600,1636,半身人物;大头特写;极端表情,漫画页,总览视觉浏览,private_assets/derived/overview/13.jpg,
292,private_assets/source/123罗德岛_官方原图/145_红隼篇/01.jpg,600,1636,双人对话;半身人物;极端表情,漫画页,总览视觉浏览＋原像素裁片复核,private_assets/derived/overview/13.jpg,expression
293,private_assets/source/123罗德岛_官方原图/145_红隼篇/02.jpg,600,1636,双人对话;半身人物;极端表情,漫画页,总览视觉浏览,private_assets/derived/overview/13.jpg,
294,private_assets/source/123罗德岛_官方原图/146_卡缇篇/01.jpg,600,1636,双人对话;半身人物;极端表情,漫画页,总览视觉浏览,private_assets/derived/overview/13.jpg,
295,private_assets/source/123罗德岛_官方原图/146_卡缇篇/02.jpg,600,1636,双人对话;半身人物;极端表情,漫画页,总览视觉浏览,private_assets/derived/overview/13.jpg,
296,private_assets/source/123罗德岛_官方原图/147_末药篇/01.jpg,600,1636,半身人物;多人场景;极端表情,漫画页,总览视觉浏览,private_assets/derived/overview/13.jpg,
297,private_assets/source/123罗德岛_官方原图/147_末药篇/02.jpg,600,1636,双人对话;半身人物;极端表情,漫画页,总览视觉浏览,private_assets/derived/overview/13.jpg,
298,private_assets/source/123罗德岛_官方原图/148_真理篇/01.jpg,600,1636,双人对话;半身人物;室内背景,漫画页,总览视觉浏览,private_assets/derived/overview/13.jpg,
299,private_assets/source/123罗德岛_官方原图/148_真理篇/02.jpg,600,1636,双人对话;半身人物;室内背景,漫画页,总览视觉浏览,private_assets/derived/overview/13.jpg,
300,private_assets/source/123罗德岛_官方原图/149_杜林篇/01.jpg,600,1636,双人对话;半身人物;室内背景,漫画页,总览视觉浏览,private_assets/derived/overview/13.jpg,
301,private_assets/source/123罗德岛_官方原图/149_杜林篇/02.jpg,600,1636,全身人物;半身人物;室内背景,漫画页,总览视觉浏览,private_assets/derived/overview/13.jpg,
302,private_assets/source/123罗德岛_官方原图/150_炎熔篇/01.jpg,600,1636,半身人物;大头特写;极端表情,漫画页,总览视觉浏览,private_assets/derived/overview/13.jpg,
303,private_assets/source/123罗德岛_官方原图/150_炎熔篇/02.jpg,600,1636,半身人物;多人场景;极端表情,漫画页,总览视觉浏览,private_assets/derived/overview/13.jpg,
304,private_assets/source/123罗德岛_官方原图/151_慑砂篇/01.jpg,600,1636,双人对话;半身人物;极端表情,漫画页,总览视觉浏览,private_assets/derived/overview/13.jpg,
305,private_assets/source/123罗德岛_官方原图/151_慑砂篇/02.jpg,600,1636,双人对话;半身人物;室内背景,漫画页,总览视觉浏览,private_assets/derived/overview/13.jpg,
306,private_assets/source/123罗德岛_官方原图/152_断罪者篇/01.jpg,600,1636,双人对话;半身人物;极端表情,漫画页,总览视觉浏览,private_assets/derived/overview/13.jpg,
307,private_assets/source/123罗德岛_官方原图/152_断罪者篇/02.jpg,600,1636,双人对话;半身人物;室内背景,漫画页,总览视觉浏览,private_assets/derived/overview/13.jpg,
308,private_assets/source/123罗德岛_官方原图/153_角峰篇/01.jpg,600,1636,双人对话;半身人物;极端表情,漫画页,总览视觉浏览,private_assets/derived/overview/13.jpg,
309,private_assets/source/123罗德岛_官方原图/153_角峰篇/02.jpg,600,1636,双人对话;半身人物;室内背景,漫画页,总览视觉浏览,private_assets/derived/overview/13.jpg,
310,private_assets/source/123罗德岛_官方原图/154_阿斯卡纶篇/01.jpg,600,1636,双人对话;半身人物;室内背景,漫画页,总览视觉浏览,private_assets/derived/overview/13.jpg,
311,private_assets/source/123罗德岛_官方原图/154_阿斯卡纶篇/02.jpg,600,1636,全身人物;双人对话,漫画页,总览视觉浏览,private_assets/derived/overview/13.jpg,
312,private_assets/source/123罗德岛_官方原图/155_奥达篇/01.jpg,600,1636,双人对话;半身人物;极端表情,漫画页,总览视觉浏览,private_assets/derived/overview/13.jpg,
313,private_assets/source/123罗德岛_官方原图/155_奥达篇/02.jpg,600,1636,双人对话;半身人物;室内背景,漫画页,总览视觉浏览,private_assets/derived/overview/14.jpg,
314,private_assets/source/123罗德岛_官方原图/156_阿罗玛篇/01.jpg,600,1636,双人对话;半身人物;室内背景,漫画页,总览视觉浏览,private_assets/derived/overview/14.jpg,
315,private_assets/source/123罗德岛_官方原图/156_阿罗玛篇/02.jpg,600,1636,全身人物;极端表情,漫画页,总览视觉浏览,private_assets/derived/overview/14.jpg,
316,private_assets/source/123罗德岛_官方原图/157_露托篇/01.jpg,600,1636,半身人物;多人场景;室内背景,漫画页,总览视觉浏览,private_assets/derived/overview/14.jpg,
317,private_assets/source/123罗德岛_官方原图/157_露托篇/02.jpg,600,1636,全身人物;半身人物;室内背景,漫画页,总览视觉浏览,private_assets/derived/overview/14.jpg,
318,private_assets/source/123罗德岛_官方原图/158_拉普兰德篇/01.jpg,600,1636,双人对话;半身人物;极端表情,漫画页,总览视觉浏览,private_assets/derived/overview/14.jpg,
319,private_assets/source/123罗德岛_官方原图/158_拉普兰德篇/02.jpg,600,1636,双人对话;多人场景;极端表情,漫画页,总览视觉浏览,private_assets/derived/overview/14.jpg,
320,private_assets/source/123罗德岛_官方原图/159_维什戴尔篇/01.jpg,600,1636,双人对话;多人场景;室内背景,漫画页,总览视觉浏览,private_assets/derived/overview/14.jpg,
321,private_assets/source/123罗德岛_官方原图/159_维什戴尔篇/02.jpg,600,1636,双人对话;多人场景;极端表情,漫画页,总览视觉浏览,private_assets/derived/overview/14.jpg,
322,private_assets/source/123罗德岛_官方原图/160_魔王篇/01.jpg,600,1636,双人对话;多人场景;极端表情,漫画页,总览视觉浏览,private_assets/derived/overview/14.jpg,
323,private_assets/source/123罗德岛_官方原图/160_魔王篇/02.jpg,600,1636,双人对话;半身人物;室内背景,漫画页,总览视觉浏览,private_assets/derived/overview/14.jpg,
324,private_assets/source/123罗德岛_官方原图/161_逻各斯篇/01.jpg,600,1636,双人对话;大头特写;极端表情,漫画页,总览视觉浏览,private_assets/derived/overview/14.jpg,
325,private_assets/source/123罗德岛_官方原图/161_逻各斯篇/02.jpg,600,1636,全身人物;半身人物;室内背景,漫画页,总览视觉浏览,private_assets/derived/overview/14.jpg,
326,private_assets/source/123罗德岛_官方原图/162_历阵锐枪芬篇/01.jpg,600,1636,双人对话;半身人物;室内背景,漫画页,总览视觉浏览,private_assets/derived/overview/14.jpg,
327,private_assets/source/123罗德岛_官方原图/162_历阵锐枪芬篇/02.jpg,600,1636,全身人物;双人对话;室内背景,漫画页,总览视觉浏览,private_assets/derived/overview/14.jpg,
328,private_assets/source/123罗德岛_官方原图/163_PhonoR-0篇/01.jpg,600,1636,双人对话;半身人物;室内背景,漫画页,总览视觉浏览,private_assets/derived/overview/14.jpg,
329,private_assets/source/123罗德岛_官方原图/163_PhonoR-0篇/02.jpg,600,1636,双人对话;半身人物;室内背景,漫画页,总览视觉浏览,private_assets/derived/overview/14.jpg,
330,private_assets/source/123罗德岛_官方原图/164_阿米娅（医疗）篇/01.jpg,600,1636,双人对话;半身人物;室内背景,漫画页,总览视觉浏览,private_assets/derived/overview/14.jpg,
331,private_assets/source/123罗德岛_官方原图/164_阿米娅（医疗）篇/02.jpg,600,1636,双人对话;半身人物;室内背景,漫画页,总览视觉浏览,private_assets/derived/overview/14.jpg,
332,private_assets/source/123罗德岛_官方原图/165_罗比菈塔篇/01.jpg,600,1636,双人对话;半身人物;室内背景,漫画页,总览视觉浏览,private_assets/derived/overview/14.jpg,
333,private_assets/source/123罗德岛_官方原图/165_罗比菈塔篇/02.jpg,600,1636,双人对话;半身人物;极端表情,漫画页,总览视觉浏览,private_assets/derived/overview/14.jpg,
334,private_assets/source/123罗德岛_官方原图/166_克洛丝篇/01.jpg,600,1636,双人对话;半身人物;极端表情,漫画页,总览视觉浏览,private_assets/derived/overview/14.jpg,
335,private_assets/source/123罗德岛_官方原图/166_克洛丝篇/02.jpg,600,1636,双人对话;半身人物;室内背景,漫画页,总览视觉浏览,private_assets/derived/overview/14.jpg,
336,private_assets/source/123罗德岛_官方原图/167_嘉维尔篇/01.jpg,600,1636,双人对话;半身人物;室内背景,漫画页,总览视觉浏览,private_assets/derived/overview/14.jpg,
337,private_assets/source/123罗德岛_官方原图/167_嘉维尔篇/02.jpg,600,1636,双人对话;半身人物;极端表情,漫画页,总览视觉浏览,private_assets/derived/overview/15.jpg,
338,private_assets/source/123罗德岛_官方原图/168_乌尔比安篇/01.jpg,600,1636,双人对话;多人场景;极端表情,漫画页,总览视觉浏览,private_assets/derived/overview/15.jpg,
339,private_assets/source/123罗德岛_官方原图/168_乌尔比安篇/02.jpg,600,1636,双人对话;半身人物;极端表情,漫画页,总览视觉浏览,private_assets/derived/overview/15.jpg,
340,private_assets/source/123罗德岛_官方原图/169_海霓篇/01.jpg,600,1636,双人对话;半身人物;室内背景,漫画页,总览视觉浏览,private_assets/derived/overview/15.jpg,
341,private_assets/source/123罗德岛_官方原图/169_海霓篇/02.jpg,600,1636,双人对话;半身人物;极端表情,漫画页,总览视觉浏览,private_assets/derived/overview/15.jpg,
342,private_assets/source/123罗德岛_官方原图/170_深巡篇/01.jpg,600,1636,双人对话;半身人物;室内背景,漫画页,总览视觉浏览,private_assets/derived/overview/15.jpg,
343,private_assets/source/123罗德岛_官方原图/170_深巡篇/02.jpg,600,1636,双人对话;半身人物;室内背景,漫画页,总览视觉浏览,private_assets/derived/overview/15.jpg,
344,private_assets/source/123罗德岛_官方原图/171_蛇屠箱篇/01.jpg,600,1636,双人对话;半身人物;极端表情,漫画页,总览视觉浏览,private_assets/derived/overview/15.jpg,
345,private_assets/source/123罗德岛_官方原图/171_蛇屠箱篇/02.jpg,600,1636,双人对话;多人场景;极端表情,漫画页,总览视觉浏览,private_assets/derived/overview/15.jpg,
346,private_assets/source/123罗德岛_官方原图/172_远山篇/01.jpg,600,1636,双人对话;半身人物;室内背景,漫画页,总览视觉浏览,private_assets/derived/overview/15.jpg,
347,private_assets/source/123罗德岛_官方原图/172_远山篇/02.jpg,600,1636,双人对话;半身人物;室内背景,漫画页,总览视觉浏览,private_assets/derived/overview/15.jpg,
348,private_assets/source/123罗德岛_官方原图/173_梓兰篇/01.jpg,600,1636,双人对话;半身人物;室内背景,漫画页,总览视觉浏览,private_assets/derived/overview/15.jpg,
349,private_assets/source/123罗德岛_官方原图/173_梓兰篇/02.jpg,600,1636,双人对话;半身人物;室内背景,漫画页,总览视觉浏览,private_assets/derived/overview/15.jpg,
350,private_assets/source/123罗德岛_官方原图/174_稀音篇/01.jpg,600,1636,双人对话;半身人物;室内背景,漫画页,总览视觉浏览,private_assets/derived/overview/15.jpg,
351,private_assets/source/123罗德岛_官方原图/174_稀音篇/02.jpg,600,1636,双人对话;半身人物;室内背景,漫画页,总览视觉浏览,private_assets/derived/overview/15.jpg,
352,private_assets/source/123罗德岛_官方原图/175_妮芙篇/01.jpg,600,1636,双人对话;半身人物;极端表情,漫画页,总览视觉浏览,private_assets/derived/overview/15.jpg,
353,private_assets/source/123罗德岛_官方原图/175_妮芙篇/02.jpg,600,1636,双人对话;半身人物;极端表情,漫画页,总览视觉浏览,private_assets/derived/overview/15.jpg,
354,private_assets/source/123罗德岛_官方原图/176_渡桥篇/01.jpg,600,1636,全身人物;半身人物;室内背景,漫画页,总览视觉浏览,private_assets/derived/overview/15.jpg,
355,private_assets/source/123罗德岛_官方原图/176_渡桥篇/02.jpg,600,1636,双人对话;多人场景;极端表情,漫画页,总览视觉浏览,private_assets/derived/overview/15.jpg,
356,private_assets/source/123罗德岛_官方原图/177_锡人篇/01.jpg,600,1636,全身人物;多人场景;极端表情,漫画页,总览视觉浏览,private_assets/derived/overview/15.jpg,
357,private_assets/source/123罗德岛_官方原图/177_锡人篇/02.jpg,600,1636,全身人物;多人场景;极端表情,漫画页,总览视觉浏览,private_assets/derived/overview/15.jpg,
358,private_assets/source/123罗德岛_官方原图/178_白面鸮篇/01.jpg,600,1636,双人对话;半身人物;室内背景,漫画页,总览视觉浏览,private_assets/derived/overview/15.jpg,
359,private_assets/source/123罗德岛_官方原图/178_白面鸮篇/02.jpg,600,1636,双人对话;半身人物;室内背景,漫画页,总览视觉浏览,private_assets/derived/overview/15.jpg,
360,private_assets/source/123罗德岛_官方原图/179_因陀罗篇/01.jpg,600,1636,双人对话;半身人物;室内背景,漫画页,总览视觉浏览,private_assets/derived/overview/15.jpg,
361,private_assets/source/123罗德岛_官方原图/179_因陀罗篇/02.jpg,600,1636,双人对话;半身人物;室内背景,漫画页,总览视觉浏览,private_assets/derived/overview/16.jpg,
362,private_assets/source/123罗德岛_官方原图/180_佩佩篇/01.jpg,600,1636,双人对话;半身人物;室内背景,漫画页,总览视觉浏览,private_assets/derived/overview/16.jpg,
363,private_assets/source/123罗德岛_官方原图/180_佩佩篇/02.jpg,600,1636,双人对话;多人场景;室内背景,漫画页,总览视觉浏览,private_assets/derived/overview/16.jpg,
364,private_assets/source/123罗德岛_官方原图/181_衡沙篇/01.jpg,600,1636,全身人物;双人对话;室内背景,漫画页,总览视觉浏览,private_assets/derived/overview/16.jpg,
365,private_assets/source/123罗德岛_官方原图/181_衡沙篇/02.jpg,600,1636,双人对话;半身人物;室内背景,漫画页,总览视觉浏览,private_assets/derived/overview/16.jpg,
366,private_assets/source/123罗德岛_官方原图/182_娜仁图亚篇/01.jpg,600,1636,双人对话;半身人物;室内背景,漫画页,总览视觉浏览,private_assets/derived/overview/16.jpg,
367,private_assets/source/123罗德岛_官方原图/182_娜仁图亚篇/02.jpg,600,1636,双人对话;多人场景;极端表情,漫画页,总览视觉浏览,private_assets/derived/overview/16.jpg,
368,private_assets/source/123罗德岛_官方原图/183_莎草篇/01.jpg,600,1636,双人对话;多人场景;极端表情,漫画页,总览视觉浏览,private_assets/derived/overview/16.jpg,
369,private_assets/source/123罗德岛_官方原图/183_莎草篇/02.jpg,600,1636,双人对话;半身人物;室内背景,漫画页,总览视觉浏览,private_assets/derived/overview/16.jpg,
370,private_assets/source/123罗德岛_官方原图/184_吽篇/01.jpg,600,1636,双人对话;半身人物;室内背景,漫画页,总览视觉浏览,private_assets/derived/overview/16.jpg,
371,private_assets/source/123罗德岛_官方原图/184_吽篇/02.jpg,600,1636,双人对话;半身人物;室内背景,漫画页,总览视觉浏览,private_assets/derived/overview/16.jpg,
372,private_assets/source/123罗德岛_官方原图/185_霜叶篇/01.jpg,600,1636,半身人物;多人场景;极端表情,漫画页,总览视觉浏览,private_assets/derived/overview/16.jpg,
373,private_assets/source/123罗德岛_官方原图/185_霜叶篇/02.jpg,600,1636,半身人物;大头特写;极端表情,漫画页,总览视觉浏览,private_assets/derived/overview/16.jpg,
374,private_assets/source/123罗德岛_官方原图/186_梅篇/01.jpg,600,1636,半身人物;大头特写;极端表情,漫画页,总览视觉浏览,private_assets/derived/overview/16.jpg,
375,private_assets/source/123罗德岛_官方原图/186_梅篇/02.jpg,600,1636,双人对话;半身人物;极端表情,漫画页,总览视觉浏览,private_assets/derived/overview/16.jpg,
376,private_assets/source/123罗德岛_官方原图/187_红豆篇/01.jpg,600,1636,半身人物;多人场景;极端表情,漫画页,总览视觉浏览,private_assets/derived/overview/16.jpg,
377,private_assets/source/123罗德岛_官方原图/187_红豆篇/02.jpg,600,1636,双人对话;半身人物;室内背景,漫画页,总览视觉浏览,private_assets/derived/overview/16.jpg,
378,private_assets/source/123罗德岛_官方原图/188_贾维篇/01.jpg,600,1636,双人对话;半身人物;室内背景,漫画页,总览视觉浏览,private_assets/derived/overview/16.jpg,
379,private_assets/source/123罗德岛_官方原图/188_贾维篇/02.jpg,600,1636,双人对话;半身人物;极端表情,漫画页,总览视觉浏览,private_assets/derived/overview/16.jpg,
380,private_assets/source/123罗德岛_官方原图/189_流星篇/01.jpg,600,1636,全身人物;室外背景,漫画页,总览视觉浏览,private_assets/derived/overview/16.jpg,
381,private_assets/source/123罗德岛_官方原图/189_流星篇/02.jpg,600,1636,全身人物;室外背景,漫画页,总览视觉浏览,private_assets/derived/overview/16.jpg,
382,private_assets/source/123罗德岛_官方原图/190_莱恩哈特篇/01.jpg,600,1636,双人对话;半身人物;室内背景,漫画页,总览视觉浏览,private_assets/derived/overview/16.jpg,
383,private_assets/source/123罗德岛_官方原图/190_莱恩哈特篇/02.jpg,600,1636,双人对话;半身人物;室内背景,漫画页,总览视觉浏览,private_assets/derived/overview/16.jpg,
384,private_assets/source/123罗德岛_官方原图/191_红篇/01.jpg,600,1636,双人对话;半身人物;室内背景,漫画页,总览视觉浏览,private_assets/derived/overview/16.jpg,
385,private_assets/source/123罗德岛_官方原图/191_红篇/02.jpg,600,1636,双人对话;半身人物;室内背景,漫画页,总览视觉浏览,private_assets/derived/overview/17.jpg,
386,private_assets/source/123罗德岛_官方原图/192_维娜·维多利亚篇/01.jpg,600,1636,双人对话;多人场景;室内背景,漫画页,总览视觉浏览,private_assets/derived/overview/17.jpg,
387,private_assets/source/123罗德岛_官方原图/192_维娜·维多利亚篇/02.jpg,600,1636,双人对话;半身人物;室内背景,漫画页,总览视觉浏览,private_assets/derived/overview/17.jpg,
388,private_assets/source/123罗德岛_官方原图/193_波卜篇/01.jpg,600,1636,半身人物;多人场景;极端表情,漫画页,总览视觉浏览,private_assets/derived/overview/17.jpg,
389,private_assets/source/123罗德岛_官方原图/193_波卜篇/02.jpg,600,1636,全身人物;多人场景;室内背景,漫画页,总览视觉浏览,private_assets/derived/overview/17.jpg,
390,private_assets/source/123罗德岛_官方原图/194_凯瑟琳篇/01.jpg,600,1636,双人对话;多人场景;室内背景,漫画页,总览视觉浏览,private_assets/derived/overview/17.jpg,
391,private_assets/source/123罗德岛_官方原图/194_凯瑟琳篇/02.jpg,600,1636,双人对话;多人场景;极端表情,漫画页,总览视觉浏览,private_assets/derived/overview/17.jpg,
392,private_assets/source/123罗德岛_官方原图/195_麦哲伦篇/01.jpg,600,1636,半身人物;多人场景;极端表情,漫画页,总览视觉浏览,private_assets/derived/overview/17.jpg,
393,private_assets/source/123罗德岛_官方原图/195_麦哲伦篇/02.jpg,600,1636,全身人物;多人场景;极端表情,漫画页,总览视觉浏览,private_assets/derived/overview/17.jpg,
394,private_assets/source/123罗德岛_官方原图/196_临光篇/01.jpg,600,1636,双人对话;半身人物;室内背景,漫画页,总览视觉浏览,private_assets/derived/overview/17.jpg,
395,private_assets/source/123罗德岛_官方原图/196_临光篇/02.jpg,600,1636,双人对话;半身人物;室内背景,漫画页,总览视觉浏览,private_assets/derived/overview/17.jpg,
396,private_assets/source/123罗德岛_官方原图/197_荒芜拉普兰德篇/01.jpg,600,1636,半身人物;多人场景;极端表情,漫画页,总览视觉浏览,private_assets/derived/overview/17.jpg,
397,private_assets/source/123罗德岛_官方原图/197_荒芜拉普兰德篇/02.jpg,600,1636,双人对话;半身人物;室内背景,漫画页,总览视觉浏览,private_assets/derived/overview/17.jpg,
398,private_assets/source/123罗德岛_官方原图/198_弑君者篇/01.jpg,600,1636,双人对话;半身人物;室内背景,漫画页,总览视觉浏览,private_assets/derived/overview/17.jpg,
399,private_assets/source/123罗德岛_官方原图/198_弑君者篇/02.jpg,600,1636,双人对话;半身人物;室内背景,漫画页,总览视觉浏览,private_assets/derived/overview/17.jpg,
400,private_assets/source/123罗德岛_官方原图/199_裁度篇/01.jpg,600,1636,半身人物;多人场景;极端表情,漫画页,总览视觉浏览,private_assets/derived/overview/17.jpg,
401,private_assets/source/123罗德岛_官方原图/199_裁度篇/02.jpg,600,1636,双人对话;多人场景;极端表情,漫画页,总览视觉浏览,private_assets/derived/overview/17.jpg,
402,private_assets/source/123罗德岛_官方原图/200_忍冬篇/01.jpg,600,1636,双人对话;半身人物;室内背景,漫画页,总览视觉浏览,private_assets/derived/overview/17.jpg,
403,private_assets/source/123罗德岛_官方原图/200_忍冬篇/02.jpg,600,1636,双人对话;半身人物;室内背景,漫画页,总览视觉浏览,private_assets/derived/overview/17.jpg,
404,private_assets/source/123罗德岛_官方原图/201_云迹篇/01.jpg,600,1636,双人对话;半身人物;极端表情,漫画页,总览视觉浏览,private_assets/derived/overview/17.jpg,
405,private_assets/source/123罗德岛_官方原图/201_云迹篇/02.jpg,600,1636,双人对话;多人场景;极端表情,漫画页,总览视觉浏览,private_assets/derived/overview/17.jpg,
406,private_assets/source/123罗德岛_官方原图/202_菲莱篇/01.jpg,600,1636,双人对话;半身人物;室内背景,漫画页,总览视觉浏览,private_assets/derived/overview/17.jpg,
407,private_assets/source/123罗德岛_官方原图/202_菲莱篇/02.jpg,600,1636,双人对话;半身人物;室内背景,漫画页,总览视觉浏览,private_assets/derived/overview/17.jpg,
408,private_assets/source/123罗德岛_官方原图/203_崖心篇/01.jpg,600,1636,双人对话;多人场景;室内背景,漫画页,总览视觉浏览,private_assets/derived/overview/17.jpg,
409,private_assets/source/123罗德岛_官方原图/203_崖心篇/02.jpg,600,1636,全身人物;多人场景;极端表情,漫画页,总览视觉浏览,private_assets/derived/overview/18.jpg,
410,private_assets/source/123罗德岛_官方原图/204_白雪篇/01.jpg,600,1636,双人对话;半身人物;室内背景,漫画页,总览视觉浏览,private_assets/derived/overview/18.jpg,
411,private_assets/source/123罗德岛_官方原图/204_白雪篇/02.jpg,600,1636,双人对话;半身人物;室内背景,漫画页,总览视觉浏览,private_assets/derived/overview/18.jpg,
412,private_assets/source/123罗德岛_官方原图/205_艾丝黛尔篇/01.jpg,600,1636,双人对话;半身人物;室内背景,漫画页,总览视觉浏览,private_assets/derived/overview/18.jpg,
413,private_assets/source/123罗德岛_官方原图/205_艾丝黛尔篇/02.jpg,600,1636,全身人物;多人场景;极端表情,漫画页,总览视觉浏览,private_assets/derived/overview/18.jpg,
414,private_assets/source/123罗德岛_官方原图/206_引星棘刺篇/01.jpg,600,1636,双人对话;多人场景;室内背景,漫画页,总览视觉浏览,private_assets/derived/overview/18.jpg,
415,private_assets/source/123罗德岛_官方原图/206_引星棘刺篇/02.jpg,600,1636,全身人物;多人场景;室外背景,漫画页,总览视觉浏览,private_assets/derived/overview/18.jpg,
416,private_assets/source/123罗德岛_官方原图/207_瑰盐篇/01.jpg,600,1636,双人对话;多人场景;极端表情,漫画页,总览视觉浏览,private_assets/derived/overview/18.jpg,
417,private_assets/source/123罗德岛_官方原图/207_瑰盐篇/02.jpg,600,1636,半身人物;多人场景;极端表情,漫画页,总览视觉浏览,private_assets/derived/overview/18.jpg,
418,private_assets/source/123罗德岛_官方原图/208_特克诺篇/01.jpg,600,1636,半身人物;多人场景;室内背景,漫画页,总览视觉浏览,private_assets/derived/overview/18.jpg,
419,private_assets/source/123罗德岛_官方原图/208_特克诺篇/02.jpg,600,1636,半身人物;多人场景;极端表情,漫画页,总览视觉浏览,private_assets/derived/overview/18.jpg,
420,private_assets/source/123罗德岛_官方原图/209_伊桑篇/01.jpg,600,1636,双人对话;半身人物;极端表情,漫画页,总览视觉浏览,private_assets/derived/overview/18.jpg,
421,private_assets/source/123罗德岛_官方原图/209_伊桑篇/02.jpg,600,1636,全身人物;室外背景,漫画页,总览视觉浏览,private_assets/derived/overview/18.jpg,
422,private_assets/source/123罗德岛_官方原图/210_可颂篇/01.jpg,600,1636,半身人物;室内背景,漫画页,总览视觉浏览,private_assets/derived/overview/18.jpg,
423,private_assets/source/123罗德岛_官方原图/210_可颂篇/02.jpg,600,1636,双人对话;半身人物;室内背景,漫画页,总览视觉浏览,private_assets/derived/overview/18.jpg,
424,private_assets/source/123罗德岛_官方原图/211_雪绒篇/01.jpg,600,1636,双人对话;半身人物;室内背景,漫画页,总览视觉浏览,private_assets/derived/overview/18.jpg,
425,private_assets/source/123罗德岛_官方原图/211_雪绒篇/02.jpg,600,1636,双人对话;半身人物;室内背景,漫画页,总览视觉浏览,private_assets/derived/overview/18.jpg,
426,private_assets/source/123罗德岛_官方原图/212_卡夫卡篇/01.jpg,600,1636,双人对话;半身人物;室内背景,漫画页,总览视觉浏览,private_assets/derived/overview/18.jpg,
427,private_assets/source/123罗德岛_官方原图/212_卡夫卡篇/02.jpg,600,1636,双人对话;多人场景;室内背景,漫画页,总览视觉浏览,private_assets/derived/overview/18.jpg,
428,private_assets/source/123罗德岛_官方原图/213_锡兰篇/01.jpg,600,1636,双人对话;半身人物;室内背景,漫画页,总览视觉浏览,private_assets/derived/overview/18.jpg,
429,private_assets/source/123罗德岛_官方原图/213_锡兰篇/02.jpg,600,1636,双人对话;多人场景;室外背景,漫画页,总览视觉浏览,private_assets/derived/overview/18.jpg,
430,private_assets/source/123罗德岛_官方原图/214_W篇/01.jpg,600,1636,双人对话;半身人物;室内背景,漫画页,总览视觉浏览,private_assets/derived/overview/18.jpg,
431,private_assets/source/123罗德岛_官方原图/214_W篇/02.jpg,600,1636,双人对话;半身人物;室内背景,漫画页,总览视觉浏览,private_assets/derived/overview/18.jpg,
432,private_assets/source/123罗德岛_官方原图/214_W篇/04.png,1080,1920,全身人物;多人场景,周年宣传图,总览视觉浏览,private_assets/derived/overview/18.jpg,
433,private_assets/source/123罗德岛_官方原图/215_普罗旺斯篇/01.jpg,600,1636,双人对话;半身人物;极端表情,漫画页,总览视觉浏览,private_assets/derived/overview/19.jpg,
434,private_assets/source/123罗德岛_官方原图/215_普罗旺斯篇/02.jpg,600,1636,双人对话;半身人物;室内背景,漫画页,总览视觉浏览,private_assets/derived/overview/19.jpg,
435,private_assets/source/123罗德岛_官方原图/216_余篇/01.jpg,600,1636,双人对话;半身人物;室内背景,漫画页,总览视觉浏览,private_assets/derived/overview/19.jpg,
436,private_assets/source/123罗德岛_官方原图/216_余篇/02.jpg,600,1636,双人对话;半身人物;室内背景,漫画页,总览视觉浏览,private_assets/derived/overview/19.jpg,
437,private_assets/source/123罗德岛_官方原图/217_行箸篇/01.jpg,600,1636,双人对话;半身人物;室内背景,漫画页,总览视觉浏览,private_assets/derived/overview/19.jpg,
438,private_assets/source/123罗德岛_官方原图/217_行箸篇/02.jpg,600,1636,双人对话;室内背景;室外背景,漫画页,总览视觉浏览＋原像素裁片复核,private_assets/derived/overview/19.jpg,composition
439,private_assets/source/123罗德岛_官方原图/218_烛煌篇/01.jpg,600,1636,半身人物;多人场景;极端表情,漫画页,总览视觉浏览,private_assets/derived/overview/19.jpg,
440,private_assets/source/123罗德岛_官方原图/218_烛煌篇/02.jpg,600,1636,双人对话;半身人物;室内背景,漫画页,总览视觉浏览,private_assets/derived/overview/19.jpg,
441,private_assets/source/123罗德岛_官方原图/219_寻澜篇/01.jpg,600,1636,全身人物;室外背景,漫画页,总览视觉浏览,private_assets/derived/overview/19.jpg,
442,private_assets/source/123罗德岛_官方原图/219_寻澜篇/02.jpg,600,1636,全身人物;室外背景,漫画页,总览视觉浏览,private_assets/derived/overview/19.jpg,
443,private_assets/source/123罗德岛_官方原图/220_THRM-EX篇/01.jpg,600,1636,双人对话;半身人物;室内背景,漫画页,总览视觉浏览,private_assets/derived/overview/19.jpg,
444,private_assets/source/123罗德岛_官方原图/220_THRM-EX篇/02.jpg,600,1636,双人对话;多人场景;室内背景,漫画页,总览视觉浏览,private_assets/derived/overview/19.jpg,
445,private_assets/source/123罗德岛_官方原图/221_隐德来希篇/01.jpg,600,1636,全身人物;多人场景;极端表情,漫画页,总览视觉浏览,private_assets/derived/overview/19.jpg,
446,private_assets/source/123罗德岛_官方原图/221_隐德来希篇/02.jpg,600,1636,双人对话;多人场景;极端表情,漫画页,总览视觉浏览,private_assets/derived/overview/19.jpg,
447,private_assets/source/123罗德岛_官方原图/222_诺威尔篇/01.jpg,600,1636,双人对话;半身人物;室内背景,漫画页,总览视觉浏览,private_assets/derived/overview/19.jpg,
448,private_assets/source/123罗德岛_官方原图/222_诺威尔篇/02.jpg,600,1636,双人对话;半身人物;极端表情,漫画页,总览视觉浏览,private_assets/derived/overview/19.jpg,
449,private_assets/source/123罗德岛_官方原图/223_安赛尔篇/01.jpg,600,1636,全身人物;双人对话,漫画页,总览视觉浏览,private_assets/derived/overview/19.jpg,
450,private_assets/source/123罗德岛_官方原图/223_安赛尔篇/02.jpg,600,1636,双人对话;多人场景;极端表情,漫画页,总览视觉浏览,private_assets/derived/overview/19.jpg,
451,private_assets/source/123罗德岛_官方原图/224_安比尔篇/01.jpg,600,1636,双人对话;半身人物;室内背景,漫画页,总览视觉浏览,private_assets/derived/overview/19.jpg,
452,private_assets/source/123罗德岛_官方原图/224_安比尔篇/02.jpg,600,1636,双人对话;半身人物;室内背景,漫画页,总览视觉浏览,private_assets/derived/overview/19.jpg,
453,private_assets/source/123罗德岛_官方原图/225_死芒篇/01.jpg,600,1636,双人对话;半身人物;室内背景,漫画页,总览视觉浏览,private_assets/derived/overview/19.jpg,
454,private_assets/source/123罗德岛_官方原图/225_死芒篇/02.jpg,600,1636,双人对话;多人场景;室内背景,漫画页,总览视觉浏览,private_assets/derived/overview/19.jpg,
455,private_assets/source/123罗德岛_官方原图/226_水灯心篇/01.jpg,600,1636,双人对话;半身人物;极端表情,漫画页,总览视觉浏览,private_assets/derived/overview/19.jpg,
456,private_assets/source/123罗德岛_官方原图/226_水灯心篇/02.jpg,600,1636,全身人物;多人场景;极端表情,漫画页,总览视觉浏览,private_assets/derived/overview/19.jpg,
457,private_assets/source/123罗德岛_官方原图/227_钼铅篇/01.jpg,600,1636,双人对话;半身人物;室内背景,漫画页,总览视觉浏览,private_assets/derived/overview/20.jpg,
458,private_assets/source/123罗德岛_官方原图/227_钼铅篇/02.jpg,600,1636,双人对话;多人场景;室内背景,漫画页,总览视觉浏览,private_assets/derived/overview/20.jpg,
459,private_assets/source/123罗德岛_官方原图/228_深海色篇/01.jpg,600,1636,双人对话;半身人物;室内背景,漫画页,总览视觉浏览,private_assets/derived/overview/20.jpg,
460,private_assets/source/123罗德岛_官方原图/228_深海色篇/02.jpg,600,1636,双人对话;半身人物;极端表情,漫画页,总览视觉浏览,private_assets/derived/overview/20.jpg,
461,private_assets/source/123罗德岛_官方原图/229_地灵篇/01.jpg,600,1636,双人对话;半身人物;室内背景,漫画页,总览视觉浏览,private_assets/derived/overview/20.jpg,
462,private_assets/source/123罗德岛_官方原图/229_地灵篇/02.jpg,600,1636,全身人物;双人对话;室内背景,漫画页,总览视觉浏览,private_assets/derived/overview/20.jpg,
463,private_assets/source/123罗德岛_官方原图/230_狮蝎篇/01.jpg,600,1636,半身人物;多人场景;极端表情,漫画页,总览视觉浏览,private_assets/derived/overview/20.jpg,
464,private_assets/source/123罗德岛_官方原图/230_狮蝎篇/02.jpg,600,1636,双人对话;半身人物;极端表情,漫画页,总览视觉浏览,private_assets/derived/overview/20.jpg,
465,private_assets/source/123罗德岛_官方原图/231_守林人篇/01.jpg,600,1636,半身人物;多人场景;极端表情,漫画页,总览视觉浏览,private_assets/derived/overview/20.jpg,
466,private_assets/source/123罗德岛_官方原图/231_守林人篇/02.jpg,600,1636,全身人物;多人场景;室内背景,漫画页,总览视觉浏览,private_assets/derived/overview/20.jpg,
467,private_assets/source/123罗德岛_官方原图/232_Mon3tr篇/01.jpg,600,1636,半身人物;大头特写;极端表情,漫画页,总览视觉浏览,private_assets/derived/overview/20.jpg,
468,private_assets/source/123罗德岛_官方原图/232_Mon3tr篇/02.jpg,600,1636,双人对话;半身人物;室内背景,漫画页,总览视觉浏览,private_assets/derived/overview/20.jpg,
469,private_assets/source/123罗德岛_官方原图/233_阿兰娜篇/01.jpg,600,1636,双人对话;半身人物;室内背景,漫画页,总览视觉浏览,private_assets/derived/overview/20.jpg,
470,private_assets/source/123罗德岛_官方原图/233_阿兰娜篇/02.jpg,600,1636,全身人物;双人对话;极端表情,漫画页,总览视觉浏览,private_assets/derived/overview/20.jpg,
471,private_assets/source/123罗德岛_官方原图/234_骋风篇/01.jpg,600,1636,双人对话;半身人物;室内背景,漫画页,总览视觉浏览,private_assets/derived/overview/20.jpg,
472,private_assets/source/123罗德岛_官方原图/234_骋风篇/02.jpg,600,1636,双人对话;半身人物;室内背景,漫画页,总览视觉浏览,private_assets/derived/overview/20.jpg,
473,private_assets/source/123罗德岛_官方原图/235_天火篇/01.jpg,600,1636,全身人物;半身人物;室内背景,漫画页,总览视觉浏览,private_assets/derived/overview/20.jpg,
474,private_assets/source/123罗德岛_官方原图/235_天火篇/02.jpg,600,1636,双人对话;半身人物;室内背景,漫画页,总览视觉浏览,private_assets/derived/overview/20.jpg,
475,private_assets/source/123罗德岛_官方原图/236_莫斯提马篇/01.jpg,600,1636,双人对话;半身人物;室内背景,漫画页,总览视觉浏览,private_assets/derived/overview/20.jpg,
476,private_assets/source/123罗德岛_官方原图/236_莫斯提马篇/02.jpg,600,1636,双人对话;半身人物;室内背景,漫画页,总览视觉浏览,private_assets/derived/overview/20.jpg,
477,private_assets/source/123罗德岛_官方原图/237_新约能天使篇/01.jpg,600,1636,双人对话;半身人物;室内背景,漫画页,总览视觉浏览,private_assets/derived/overview/20.jpg,
478,private_assets/source/123罗德岛_官方原图/237_新约能天使篇/02.jpg,600,1636,双人对话;半身人物;室内背景,漫画页,总览视觉浏览,private_assets/derived/overview/20.jpg,
479,private_assets/source/123罗德岛_官方原图/238_信仰搅拌机篇/01.jpg,600,1636,双人对话;多人场景;极端表情,漫画页,总览视觉浏览,private_assets/derived/overview/20.jpg,
480,private_assets/source/123罗德岛_官方原图/238_信仰搅拌机篇/02.jpg,600,1636,半身人物;多人场景;极端表情,漫画页,总览视觉浏览,private_assets/derived/overview/20.jpg,
481,private_assets/source/123罗德岛_官方原图/239_聆音篇/01.jpg,600,1636,双人对话;半身人物;室内背景,漫画页,总览视觉浏览,private_assets/derived/overview/21.jpg,
482,private_assets/source/123罗德岛_官方原图/239_聆音篇/02.jpg,600,1636,双人对话;多人场景;极端表情,漫画页,总览视觉浏览,private_assets/derived/overview/21.jpg,
483,private_assets/source/123罗德岛_官方原图/240_蕾缪安篇/01.jpg,600,1636,双人对话;多人场景;室内背景,漫画页,总览视觉浏览,private_assets/derived/overview/21.jpg,
484,private_assets/source/123罗德岛_官方原图/240_蕾缪安篇/02.jpg,600,1636,半身人物;大头特写;极端表情,漫画页,总览视觉浏览,private_assets/derived/overview/21.jpg,
485,private_assets/source/123罗德岛_官方原图/241_CONFESS-47篇/01.jpg,600,1636,双人对话;半身人物;室内背景,漫画页,总览视觉浏览,private_assets/derived/overview/21.jpg,
486,private_assets/source/123罗德岛_官方原图/241_CONFESS-47篇/02.jpg,600,1636,双人对话;半身人物;室内背景,漫画页,总览视觉浏览,private_assets/derived/overview/21.jpg,
487,private_assets/source/123罗德岛_官方原图/242_暮落篇/01.jpg,600,1636,双人对话;半身人物;室内背景,漫画页,总览视觉浏览,private_assets/derived/overview/21.jpg,
488,private_assets/source/123罗德岛_官方原图/242_暮落篇/02.jpg,600,1636,双人对话;大头特写;极端表情,漫画页,总览视觉浏览,private_assets/derived/overview/21.jpg,
489,private_assets/source/123罗德岛_官方原图/243_刻刀篇/01.jpg,600,1636,双人对话;半身人物;室内背景,漫画页,总览视觉浏览,private_assets/derived/overview/21.jpg,
490,private_assets/source/123罗德岛_官方原图/243_刻刀篇/02.jpg,600,1636,全身人物;双人对话;室内背景,漫画页,总览视觉浏览,private_assets/derived/overview/21.jpg,
491,private_assets/source/123罗德岛_官方原图/244_泥岩篇/01.jpg,600,1636,双人对话;多人场景;室内背景,漫画页,总览视觉浏览,private_assets/derived/overview/21.jpg,
492,private_assets/source/123罗德岛_官方原图/244_泥岩篇/02.jpg,600,1636,全身人物;多人场景;极端表情,漫画页,总览视觉浏览,private_assets/derived/overview/21.jpg,
493,private_assets/source/123罗德岛_官方原图/245_酒神篇/01.jpg,600,1636,双人对话;半身人物;室内背景,漫画页,总览视觉浏览,private_assets/derived/overview/21.jpg,
494,private_assets/source/123罗德岛_官方原图/245_酒神篇/02.jpg,600,1636,全身人物;多人场景;极端表情,漫画页,总览视觉浏览,private_assets/derived/overview/21.jpg,
495,private_assets/source/123罗德岛_官方原图/246_Miss.Christine篇/01.jpg,600,1636,全身人物;多人场景;室内背景,漫画页,总览视觉浏览,private_assets/derived/overview/21.jpg,
496,private_assets/source/123罗德岛_官方原图/246_Miss.Christine篇/02.jpg,600,1636,双人对话;多人场景;室内背景,漫画页,总览视觉浏览,private_assets/derived/overview/21.jpg,
497,private_assets/source/123罗德岛_官方原图/247_蒂比篇/01.jpg,600,1636,半身人物;多人场景;极端表情,漫画页,总览视觉浏览,private_assets/derived/overview/21.jpg,
498,private_assets/source/123罗德岛_官方原图/247_蒂比篇/02.jpg,600,1636,半身人物;多人场景;极端表情,漫画页,总览视觉浏览,private_assets/derived/overview/21.jpg,
499,private_assets/source/123罗德岛_官方原图/248_猎蜂篇/01.jpg,600,1636,半身人物;多人场景;室内背景,漫画页,总览视觉浏览,private_assets/derived/overview/21.jpg,
500,private_assets/source/123罗德岛_官方原图/248_猎蜂篇/02.jpg,600,1636,全身人物;多人场景,漫画页,总览视觉浏览,private_assets/derived/overview/21.jpg,
501,private_assets/source/123罗德岛_官方原图/249_薄绿篇/01.jpg,600,1636,双人对话;半身人物;室内背景,漫画页,总览视觉浏览,private_assets/derived/overview/21.jpg,
502,private_assets/source/123罗德岛_官方原图/249_薄绿篇/02.jpg,600,1636,双人对话;半身人物;室内背景,漫画页,总览视觉浏览,private_assets/derived/overview/21.jpg,
503,private_assets/source/123罗德岛_官方原图/250_泡普卡篇/01.jpg,600,1636,双人对话;半身人物;室内背景,漫画页,总览视觉浏览,private_assets/derived/overview/21.jpg,
504,private_assets/source/123罗德岛_官方原图/250_泡普卡篇/02.jpg,600,1636,双人对话;多人场景;极端表情,漫画页,总览视觉浏览,private_assets/derived/overview/21.jpg,
505,private_assets/source/123罗德岛_官方原图/251_桃金娘篇/01.jpg,600,1636,半身人物;多人场景;极端表情,漫画页,总览视觉浏览,private_assets/derived/overview/22.jpg,
506,private_assets/source/123罗德岛_官方原图/251_桃金娘篇/02.jpg,600,1636,双人对话;多人场景;室内背景,漫画页,总览视觉浏览,private_assets/derived/overview/22.jpg,
507,private_assets/source/123罗德岛_官方原图/252_司霆惊蛰篇/01.jpg,600,1636,全身人物;多人场景;室外背景,漫画页,总览视觉浏览,private_assets/derived/overview/22.jpg,
508,private_assets/source/123罗德岛_官方原图/252_司霆惊蛰篇/02.jpg,600,1636,双人对话;半身人物;室内背景,漫画页,总览视觉浏览,private_assets/derived/overview/22.jpg,
509,private_assets/source/123罗德岛_官方原图/253_录武官篇/01.jpg,600,1636,双人对话;半身人物;极端表情,漫画页,总览视觉浏览,private_assets/derived/overview/22.jpg,
510,private_assets/source/123罗德岛_官方原图/253_录武官篇/02.jpg,600,1636,双人对话;大头特写;极端表情,漫画页,总览视觉浏览,private_assets/derived/overview/22.jpg,
511,private_assets/source/123罗德岛_官方原图/254_电弧篇/01.jpg,600,1636,双人对话;多人场景;室内背景,漫画页,总览视觉浏览,private_assets/derived/overview/22.jpg,
512,private_assets/source/123罗德岛_官方原图/254_电弧篇/02.jpg,600,1636,双人对话;半身人物;室内背景,漫画页,总览视觉浏览,private_assets/derived/overview/22.jpg,
513,private_assets/source/123罗德岛_官方原图/255_絮雨篇/01.jpg,600,1636,双人对话;半身人物;室内背景,漫画页,总览视觉浏览,private_assets/derived/overview/22.jpg,
514,private_assets/source/123罗德岛_官方原图/255_絮雨篇/02.jpg,600,1636,全身人物;多人场景;极端表情,漫画页,总览视觉浏览,private_assets/derived/overview/22.jpg,
515,private_assets/source/123罗德岛_官方原图/256_银灰篇/01.jpg,600,1636,全身人物;多人场景;室内背景,漫画页,总览视觉浏览,private_assets/derived/overview/22.jpg,
516,private_assets/source/123罗德岛_官方原图/256_银灰篇/02.jpg,600,1636,双人对话;半身人物;室内背景,漫画页,总览视觉浏览,private_assets/derived/overview/22.jpg,
517,private_assets/source/123罗德岛_官方原图/257_斩业星熊篇/01.jpg,600,1636,双人对话;多人场景;极端表情,漫画页,总览视觉浏览,private_assets/derived/overview/22.jpg,
518,private_assets/source/123罗德岛_官方原图/257_斩业星熊篇/02.jpg,600,1636,双人对话;多人场景;极端表情,漫画页,总览视觉浏览,private_assets/derived/overview/22.jpg,
519,private_assets/source/123罗德岛_官方原图/258_吉星篇/01.jpg,600,1636,双人对话;半身人物;室内背景,漫画页,总览视觉浏览,private_assets/derived/overview/22.jpg,
520,private_assets/source/123罗德岛_官方原图/258_吉星篇/02.jpg,600,1636,双人对话;半身人物;极端表情,漫画页,总览视觉浏览,private_assets/derived/overview/22.jpg,
521,private_assets/source/123罗德岛_官方原图/259_遥篇/01.jpg,600,1636,双人对话;半身人物;室内背景,漫画页,总览视觉浏览,private_assets/derived/overview/22.jpg,
522,private_assets/source/123罗德岛_官方原图/259_遥篇/02.jpg,600,1636,双人对话;多人场景;极端表情,漫画页,总览视觉浏览,private_assets/derived/overview/22.jpg,
523,private_assets/source/123罗德岛_官方原图/260_松桐篇/01.jpg,600,1636,双人对话;半身人物;室内背景,漫画页,总览视觉浏览,private_assets/derived/overview/22.jpg,
524,private_assets/source/123罗德岛_官方原图/260_松桐篇/02.jpg,600,1636,双人对话;多人场景;极端表情,漫画页,总览视觉浏览,private_assets/derived/overview/22.jpg,
525,private_assets/source/123罗德岛_官方原图/261_嵯峨篇/01.jpg,600,1636,半身人物;大头特写;极端表情,漫画页,总览视觉浏览,private_assets/derived/overview/22.jpg,
526,private_assets/source/123罗德岛_官方原图/261_嵯峨篇/02.jpg,600,1636,全身人物;半身人物;室内背景,漫画页,总览视觉浏览,private_assets/derived/overview/22.jpg,
527,private_assets/source/123罗德岛_官方原图/262_赤冬篇/01.jpg,600,1636,双人对话;半身人物;室内背景,漫画页,总览视觉浏览,private_assets/derived/overview/22.jpg,
528,private_assets/source/123罗德岛_官方原图/262_赤冬篇/02.jpg,600,1636,双人对话;半身人物;室内背景,漫画页,总览视觉浏览,private_assets/derived/overview/22.jpg,
529,private_assets/source/123罗德岛_官方原图/263_月禾篇/01.jpg,600,1636,双人对话;半身人物;室内背景,漫画页,总览视觉浏览,private_assets/derived/overview/23.jpg,
530,private_assets/source/123罗德岛_官方原图/263_月禾篇/02.jpg,600,1636,双人对话;半身人物;室内背景,漫画页,总览视觉浏览,private_assets/derived/overview/23.jpg,
531,private_assets/source/123罗德岛_官方原图/264_火神篇/01.jpg,600,1636,双人对话;半身人物;室内背景,漫画页,总览视觉浏览,private_assets/derived/overview/23.jpg,
532,private_assets/source/123罗德岛_官方原图/264_火神篇/02.jpg,600,1636,双人对话;半身人物;室内背景,漫画页,总览视觉浏览,private_assets/derived/overview/23.jpg,
533,private_assets/source/123罗德岛_官方原图/265_刻俄柏篇/01.jpg,600,1636,半身人物;大头特写;极端表情,漫画页,总览视觉浏览,private_assets/derived/overview/23.jpg,
534,private_assets/source/123罗德岛_官方原图/265_刻俄柏篇/02.jpg,600,1636,半身人物;多人场景;室内背景,漫画页,总览视觉浏览,private_assets/derived/overview/23.jpg,
535,private_assets/source/123罗德岛_官方原图/266_铸铁篇/01.jpg,600,1636,全身人物;室内背景,漫画页,总览视觉浏览＋原像素裁片复核,private_assets/derived/overview/23.jpg,character
536,private_assets/source/123罗德岛_官方原图/266_铸铁篇/02.jpg,600,1636,全身人物;双人对话;极端表情,漫画页,总览视觉浏览,private_assets/derived/overview/23.jpg,
537,private_assets/source/123罗德岛_官方原图/267_空爆篇/01.jpg,600,1636,双人对话;半身人物;极端表情,漫画页,总览视觉浏览,private_assets/derived/overview/23.jpg,
538,private_assets/source/123罗德岛_官方原图/267_空爆篇/02.jpg,600,1636,全身人物;室内背景,漫画页,总览视觉浏览＋原像素裁片复核,private_assets/derived/overview/23.jpg,character
539,private_assets/source/123罗德岛_官方原图/268_布洛卡篇/01.jpg,600,1636,全身人物;多人场景;室内背景,漫画页,总览视觉浏览,private_assets/derived/overview/23.jpg,
540,private_assets/source/123罗德岛_官方原图/268_布洛卡篇/02.jpg,600,1636,双人对话;多人场景;室内背景,漫画页,总览视觉浏览,private_assets/derived/overview/23.jpg,
541,private_assets/source/123罗德岛_官方原图/269_真言篇/01.jpg,600,1636,双人对话;半身人物;室内背景,漫画页,总览视觉浏览,private_assets/derived/overview/23.jpg,
542,private_assets/source/123罗德岛_官方原图/269_真言篇/02.jpg,600,1636,全身人物;半身人物;室内背景,漫画页,总览视觉浏览,private_assets/derived/overview/23.jpg,
543,private_assets/source/123罗德岛_官方原图/270_折桠篇/01.jpg,600,1636,半身人物;多人场景;极端表情,漫画页,总览视觉浏览,private_assets/derived/overview/23.jpg,
544,private_assets/source/123罗德岛_官方原图/270_折桠篇/02.jpg,600,1636,双人对话;半身人物;室内背景,漫画页,总览视觉浏览,private_assets/derived/overview/23.jpg,
545,private_assets/source/123罗德岛_官方原图/271_冬时篇/01.jpg,600,1636,双人对话;半身人物;室内背景,漫画页,总览视觉浏览,private_assets/derived/overview/23.jpg,
546,private_assets/source/123罗德岛_官方原图/271_冬时篇/02.jpg,600,1636,双人对话;半身人物;极端表情,漫画页,总览视觉浏览,private_assets/derived/overview/23.jpg,
547,private_assets/source/123罗德岛_官方原图/272_讯使篇/01.jpg,600,1636,双人对话;半身人物;室内背景,漫画页,总览视觉浏览,private_assets/derived/overview/23.jpg,
548,private_assets/source/123罗德岛_官方原图/272_讯使篇/02.jpg,600,1636,双人对话;半身人物;室内背景,漫画页,总览视觉浏览,private_assets/derived/overview/23.jpg,
549,private_assets/source/123罗德岛_官方原图/273_夜魔篇/01.jpg,600,1636,双人对话;半身人物;室内背景,漫画页,总览视觉浏览,private_assets/derived/overview/23.jpg,
550,private_assets/source/123罗德岛_官方原图/273_夜魔篇/02.jpg,600,1636,双人对话;半身人物;室内背景,漫画页,总览视觉浏览,private_assets/derived/overview/23.jpg,
551,private_assets/source/123罗德岛_官方原图/274_凛御银灰篇/01.jpg,600,1636,双人对话;半身人物;室内背景,漫画页,总览视觉浏览,private_assets/derived/overview/23.jpg,
552,private_assets/source/123罗德岛_官方原图/274_凛御银灰篇/02.jpg,600,1636,双人对话;多人场景;极端表情,漫画页,总览视觉浏览,private_assets/derived/overview/23.jpg,
553,private_assets/source/123罗德岛_官方原图/275_溯光星源篇/01.jpg,600,1636,双人对话;大头特写;极端表情,漫画页,总览视觉浏览,private_assets/derived/overview/24.jpg,
554,private_assets/source/123罗德岛_官方原图/275_溯光星源篇/02.jpg,600,1636,双人对话;多人场景;室内背景,漫画页,总览视觉浏览,private_assets/derived/overview/24.jpg,
555,private_assets/source/123罗德岛_官方原图/276_雪猎篇/01.jpg,600,1636,双人对话;半身人物;室内背景,漫画页,总览视觉浏览,private_assets/derived/overview/24.jpg,
556,private_assets/source/123罗德岛_官方原图/276_雪猎篇/02.jpg,600,1636,双人对话;半身人物;极端表情,漫画页,总览视觉浏览,private_assets/derived/overview/24.jpg,
557,private_assets/source/123罗德岛_官方原图/277_圣聆初雪篇/01.jpg,600,1636,双人对话;半身人物;室内背景,漫画页,总览视觉浏览,private_assets/derived/overview/24.jpg,
558,private_assets/source/123罗德岛_官方原图/277_圣聆初雪篇/02.jpg,600,1636,双人对话;半身人物;室内背景,漫画页,总览视觉浏览,private_assets/derived/overview/24.jpg,
559,private_assets/source/123罗德岛_官方原图/278_哈蒂娅篇/01.jpg,600,1636,双人对话;多人场景;极端表情,漫画页,总览视觉浏览,private_assets/derived/overview/24.jpg,
560,private_assets/source/123罗德岛_官方原图/278_哈蒂娅篇/02.jpg,600,1636,双人对话;大头特写;极端表情,漫画页,总览视觉浏览,private_assets/derived/overview/24.jpg,
561,private_assets/source/123罗德岛_官方原图/279_协律篇/01.jpg,600,1636,双人对话;半身人物;室内背景,漫画页,总览视觉浏览,private_assets/derived/overview/24.jpg,
562,private_assets/source/123罗德岛_官方原图/279_协律篇/02.jpg,600,1636,双人对话;半身人物;极端表情,漫画页,总览视觉浏览,private_assets/derived/overview/24.jpg,
563,private_assets/source/123罗德岛_官方原图/280_豆苗篇/01.jpg,600,1636,双人对话;半身人物;室内背景,漫画页,总览视觉浏览,private_assets/derived/overview/24.jpg,
564,private_assets/source/123罗德岛_官方原图/280_豆苗篇/02.jpg,600,1636,双人对话;半身人物;极端表情,漫画页,总览视觉浏览,private_assets/derived/overview/24.jpg,
565,private_assets/source/123罗德岛_官方原图/281_清流篇/01.jpg,600,1636,全身人物;半身人物;室内背景,漫画页,总览视觉浏览,private_assets/derived/overview/24.jpg,
566,private_assets/source/123罗德岛_官方原图/281_清流篇/02.jpg,600,1636,全身人物;多人场景;极端表情,漫画页,总览视觉浏览,private_assets/derived/overview/24.jpg,
567,private_assets/source/123罗德岛_官方原图/282_山篇/01.jpg,600,1636,全身人物;多人场景;室内背景,漫画页,总览视觉浏览＋原像素裁片复核,private_assets/derived/overview/24.jpg,character
568,private_assets/source/123罗德岛_官方原图/282_山篇/02.jpg,600,1636,全身人物;双人对话;室内背景,漫画页,总览视觉浏览,private_assets/derived/overview/24.jpg,
569,private_assets/source/123罗德岛_官方原图/283_娜斯提篇/01.jpg,600,1636,双人对话;半身人物;室内背景,漫画页,总览视觉浏览,private_assets/derived/overview/24.jpg,
570,private_assets/source/123罗德岛_官方原图/283_娜斯提篇/02.jpg,600,1636,双人对话;半身人物;室内背景,漫画页,总览视觉浏览,private_assets/derived/overview/24.jpg,
571,private_assets/source/123罗德岛_官方原图/284_响石篇/01.jpg,600,1636,双人对话;半身人物;室内背景,漫画页,总览视觉浏览,private_assets/derived/overview/24.jpg,
572,private_assets/source/123罗德岛_官方原图/284_响石篇/02.jpg,600,1636,双人对话;半身人物;室内背景,漫画页,总览视觉浏览,private_assets/derived/overview/24.jpg,
573,private_assets/source/123罗德岛_官方原图/285_天空盒篇/01.jpg,600,1636,双人对话;半身人物;室内背景,漫画页,总览视觉浏览,private_assets/derived/overview/24.jpg,
574,private_assets/source/123罗德岛_官方原图/285_天空盒篇/02.jpg,600,1636,双人对话;多人场景;室内背景,漫画页,总览视觉浏览,private_assets/derived/overview/24.jpg,
575,private_assets/source/123罗德岛_官方原图/286_蓝毒篇/01.jpg,600,1636,半身人物;大头特写;极端表情,漫画页,总览视觉浏览,private_assets/derived/overview/24.jpg,
576,private_assets/source/123罗德岛_官方原图/286_蓝毒篇/02.jpg,600,1636,双人对话;半身人物;室内背景,漫画页,总览视觉浏览,private_assets/derived/overview/24.jpg,
577,private_assets/source/123罗德岛_官方原图/287_格雷伊篇/01.jpg,600,1636,半身人物;室内背景,漫画页,总览视觉浏览,private_assets/derived/overview/25.jpg,
578,private_assets/source/123罗德岛_官方原图/287_格雷伊篇/02.jpg,600,1636,双人对话;半身人物;极端表情,漫画页,总览视觉浏览,private_assets/derived/overview/25.jpg,
579,private_assets/source/123罗德岛_官方原图/288_森蚺篇/01.jpg,600,1636,双人对话;半身人物;室内背景,漫画页,总览视觉浏览,private_assets/derived/overview/25.jpg,
580,private_assets/source/123罗德岛_官方原图/288_森蚺篇/02.jpg,600,1636,双人对话;半身人物;室内背景,漫画页,总览视觉浏览,private_assets/derived/overview/25.jpg,
581,private_assets/source/123罗德岛_官方原图/289_灵知篇/01.jpg,600,1636,双人对话;半身人物;室内背景,漫画页,总览视觉浏览,private_assets/derived/overview/25.jpg,
582,private_assets/source/123罗德岛_官方原图/289_灵知篇/02.jpg,600,1636,双人对话;半身人物;极端表情,漫画页,总览视觉浏览,private_assets/derived/overview/25.jpg,
583,private_assets/source/123罗德岛_官方原图/290_缇缇篇/01.jpg,600,1636,全身人物;双人对话;极端表情,漫画页,总览视觉浏览,private_assets/derived/overview/25.jpg,
584,private_assets/source/123罗德岛_官方原图/290_缇缇篇/02.jpg,600,1636,全身人物;双人对话;极端表情,漫画页,总览视觉浏览,private_assets/derived/overview/25.jpg,
585,private_assets/source/123罗德岛_官方原图/291_摆渡人篇/01.jpg,600,1636,双人对话;多人场景;极端表情,漫画页,总览视觉浏览,private_assets/derived/overview/25.jpg,
586,private_assets/source/123罗德岛_官方原图/291_摆渡人篇/02.jpg,600,1636,双人对话;半身人物;室内背景,漫画页,总览视觉浏览,private_assets/derived/overview/25.jpg,
587,private_assets/source/123罗德岛_官方原图/292_浊心斯卡蒂篇/01.jpg,600,1636,双人对话;半身人物;室内背景,漫画页,总览视觉浏览,private_assets/derived/overview/25.jpg,
588,private_assets/source/123罗德岛_官方原图/292_浊心斯卡蒂篇/02.jpg,600,1636,双人对话;多人场景;极端表情,漫画页,总览视觉浏览,private_assets/derived/overview/25.jpg,
589,private_assets/source/123罗德岛_官方原图/292_浊心斯卡蒂篇/04.jpg,1080,1920,全身人物;多人场景,周年宣传图,总览视觉浏览,private_assets/derived/overview/25.jpg,
590,private_assets/source/123罗德岛_官方原图/293_撷英调香师篇/01.jpg,600,1636,半身人物;大头特写;极端表情,漫画页,总览视觉浏览,private_assets/derived/overview/25.jpg,
591,private_assets/source/123罗德岛_官方原图/293_撷英调香师篇/02.jpg,600,1636,双人对话;多人场景;极端表情,漫画页,总览视觉浏览,private_assets/derived/overview/25.jpg,
592,private_assets/source/123罗德岛_官方原图/294_苏苏洛篇/01.jpg,600,1636,双人对话;半身人物;室内背景,漫画页,总览视觉浏览,private_assets/derived/overview/25.jpg,
593,private_assets/source/123罗德岛_官方原图/294_苏苏洛篇/02.jpg,600,1636,双人对话;多人场景;室内背景,漫画页,总览视觉浏览,private_assets/derived/overview/25.jpg,
594,private_assets/source/123罗德岛_官方原图/295_早露篇/01.jpg,600,1636,双人对话;半身人物;室内背景,漫画页,总览视觉浏览,private_assets/derived/overview/25.jpg,
595,private_assets/source/123罗德岛_官方原图/295_早露篇/02.jpg,600,1636,双人对话;半身人物;室内背景,漫画页,总览视觉浏览,private_assets/derived/overview/25.jpg,
596,private_assets/source/123罗德岛_官方原图/296_柏喙篇/01.jpg,600,1636,双人对话;多人场景;极端表情,漫画页,总览视觉浏览,private_assets/derived/overview/25.jpg,
597,private_assets/source/123罗德岛_官方原图/296_柏喙篇/02.jpg,600,1636,双人对话;半身人物;室内背景,漫画页,总览视觉浏览,private_assets/derived/overview/25.jpg,
598,private_assets/source/123罗德岛_官方原图/297_燧石篇/01.jpg,600,1636,全身人物;双人对话;室内背景,漫画页,总览视觉浏览,private_assets/derived/overview/25.jpg,
599,private_assets/source/123罗德岛_官方原图/297_燧石篇/02.jpg,600,1636,双人对话;半身人物;极端表情,漫画页,总览视觉浏览,private_assets/derived/overview/25.jpg,
600,private_assets/source/123罗德岛_官方原图/298_望篇/01.jpg,600,1636,双人对话;半身人物;室内背景,漫画页,总览视觉浏览,private_assets/derived/overview/25.jpg,
601,private_assets/source/123罗德岛_官方原图/298_望篇/02.jpg,600,1636,双人对话;多人场景;极端表情,漫画页,总览视觉浏览,private_assets/derived/overview/26.jpg,
602,private_assets/source/123罗德岛_官方原图/299_矩篇/01.jpg,600,1636,双人对话;半身人物;室内背景,漫画页,总览视觉浏览,private_assets/derived/overview/26.jpg,
603,private_assets/source/123罗德岛_官方原图/299_矩篇/02.jpg,600,1636,双人对话;半身人物;室内背景,漫画页,总览视觉浏览,private_assets/derived/overview/26.jpg,
604,private_assets/source/123罗德岛_官方原图/300_赤刃明霄陈篇/01.jpg,600,1636,全身人物;半身人物;室内背景,漫画页,总览视觉浏览,private_assets/derived/overview/26.jpg,
605,private_assets/source/123罗德岛_官方原图/300_赤刃明霄陈篇/02.jpg,600,1636,双人对话;多人场景;室内背景,漫画页,总览视觉浏览,private_assets/derived/overview/26.jpg,
606,private_assets/source/123罗德岛_官方原图/301_风絮篇/01.jpg,600,1636,双人对话;半身人物;室内背景,漫画页,总览视觉浏览,private_assets/derived/overview/26.jpg,
607,private_assets/source/123罗德岛_官方原图/301_风絮篇/02.jpg,600,1636,双人对话;多人场景;室内背景,漫画页,总览视觉浏览,private_assets/derived/overview/26.jpg,
608,private_assets/source/123罗德岛_官方原图/302_夕篇/01.jpg,600,1636,双人对话;半身人物;室内背景,漫画页,总览视觉浏览,private_assets/derived/overview/26.jpg,
609,private_assets/source/123罗德岛_官方原图/302_夕篇/02.jpg,600,1636,双人对话;半身人物;极端表情,漫画页,总览视觉浏览,private_assets/derived/overview/26.jpg,
610,private_assets/source/123罗德岛_官方原图/303_奥斯塔篇/01.jpg,600,1636,双人对话;多人场景;室内背景,漫画页,总览视觉浏览,private_assets/derived/overview/26.jpg,
611,private_assets/source/123罗德岛_官方原图/303_奥斯塔篇/02.jpg,600,1636,双人对话;半身人物;室内背景,漫画页,总览视觉浏览,private_assets/derived/overview/26.jpg,
612,private_assets/source/123罗德岛_官方原图/304_贝洛内篇/01.jpg,600,1636,半身人物;大头特写;极端表情,漫画页,总览视觉浏览,private_assets/derived/overview/26.jpg,
613,private_assets/source/123罗德岛_官方原图/304_贝洛内篇/02.jpg,600,1636,半身人物;多人场景;室内背景,漫画页,总览视觉浏览,private_assets/derived/overview/26.jpg,
614,private_assets/source/123罗德岛_官方原图/305_复奏篇/01.jpg,600,1636,双人对话;半身人物;室内背景,漫画页,总览视觉浏览,private_assets/derived/overview/26.jpg,
615,private_assets/source/123罗德岛_官方原图/305_复奏篇/02.jpg,600,1636,双人对话;半身人物;室内背景,漫画页,总览视觉浏览,private_assets/derived/overview/26.jpg,
616,private_assets/source/123罗德岛_官方原图/306_石棉篇/01.jpg,600,1636,双人对话;半身人物;室内背景,漫画页,总览视觉浏览,private_assets/derived/overview/26.jpg,
617,private_assets/source/123罗德岛_官方原图/306_石棉篇/02.jpg,600,1636,全身人物;大头特写;极端表情,漫画页,总览视觉浏览,private_assets/derived/overview/26.jpg,
618,private_assets/source/123罗德岛_官方原图/307_温蒂篇/01.jpg,600,1636,双人对话;半身人物;室内背景,漫画页,总览视觉浏览,private_assets/derived/overview/26.jpg,
619,private_assets/source/123罗德岛_官方原图/307_温蒂篇/02.jpg,600,1636,全身人物;双人对话;极端表情,漫画页,总览视觉浏览,private_assets/derived/overview/26.jpg,
620,private_assets/source/123罗德岛_官方原图/308_远牙篇/01.jpg,600,1636,双人对话;半身人物;极端表情,漫画页,总览视觉浏览,private_assets/derived/overview/26.jpg,
621,private_assets/source/123罗德岛_官方原图/308_远牙篇/02.jpg,600,1636,双人对话;多人场景;极端表情,漫画页,总览视觉浏览,private_assets/derived/overview/26.jpg,
622,private_assets/source/123罗德岛_官方原图/309_怒潮凛冬篇/01.jpg,600,1636,双人对话;半身人物;室内背景,漫画页,总览视觉浏览,private_assets/derived/overview/26.jpg,
623,private_assets/source/123罗德岛_官方原图/309_怒潮凛冬篇/02.jpg,600,1636,双人对话;半身人物;室内背景,漫画页,总览视觉浏览,private_assets/derived/overview/26.jpg,
624,private_assets/source/123罗德岛_官方原图/310_伯塔尼篇/01.jpg,600,1636,双人对话;半身人物;室内背景,漫画页,总览视觉浏览,private_assets/derived/overview/26.jpg,
625,private_assets/source/123罗德岛_官方原图/310_伯塔尼篇/02.jpg,600,1636,双人对话;半身人物;室内背景,漫画页,总览视觉浏览,private_assets/derived/overview/27.jpg,
626,private_assets/source/123罗德岛_官方原图/311_乌啾篇/01.jpg,600,1636,双人对话;半身人物;室内背景,漫画页,总览视觉浏览,private_assets/derived/overview/27.jpg,
627,private_assets/source/123罗德岛_官方原图/311_乌啾篇/02.jpg,600,1636,双人对话;半身人物;室内背景,漫画页,总览视觉浏览,private_assets/derived/overview/27.jpg,
628,private_assets/source/123罗德岛_官方原图/312_华法琳篇/01.jpg,600,1636,半身人物;多人场景;室内背景,漫画页,总览视觉浏览＋原像素裁片复核,private_assets/derived/overview/27.jpg,core
629,private_assets/source/123罗德岛_官方原图/312_华法琳篇/02.jpg,600,1636,双人对话;半身人物;极端表情,漫画页,总览视觉浏览,private_assets/derived/overview/27.jpg,
630,private_assets/source/123罗德岛_官方原图/313_布丁篇/01.jpg,600,1636,半身人物;大头特写;极端表情,漫画页,总览视觉浏览,private_assets/derived/overview/27.jpg,
631,private_assets/source/123罗德岛_官方原图/313_布丁篇/02.jpg,600,1636,双人对话;半身人物;室内背景,漫画页,总览视觉浏览,private_assets/derived/overview/27.jpg,
632,private_assets/source/123罗德岛_官方原图/314_凯尔希·思衡托篇/01.jpg,600,1636,双人对话;半身人物;室内背景,漫画页,总览视觉浏览,private_assets/derived/overview/27.jpg,
633,private_assets/source/123罗德岛_官方原图/314_凯尔希·思衡托篇/02.jpg,600,1636,双人对话;半身人物;室内背景,漫画页,总览视觉浏览,private_assets/derived/overview/27.jpg,
634,private_assets/source/123罗德岛_官方原图/315_GALLUS²篇/01.jpg,600,1636,双人对话;半身人物;室内背景,漫画页,总览视觉浏览,private_assets/derived/overview/27.jpg,
635,private_assets/source/123罗德岛_官方原图/315_GALLUS²篇/02.jpg,600,1636,双人对话;半身人物;极端表情,漫画页,总览视觉浏览,private_assets/derived/overview/27.jpg,
636,private_assets/source/123罗德岛_官方原图/316_裂响篇/01.jpg,600,1636,双人对话;半身人物;室内背景,漫画页,总览视觉浏览,private_assets/derived/overview/27.jpg,
637,private_assets/source/123罗德岛_官方原图/316_裂响篇/02.jpg,600,1636,双人对话;多人场景;极端表情,漫画页,总览视觉浏览,private_assets/derived/overview/27.jpg,
638,private_assets/source/123罗德岛_官方原图/317_可露希尔篇/01.jpg,600,1636,双人对话;多人场景;极端表情,漫画页,总览视觉浏览,private_assets/derived/overview/27.jpg,
639,private_assets/source/123罗德岛_官方原图/317_可露希尔篇/02.jpg,600,1636,双人对话;半身人物;室内背景,漫画页,总览视觉浏览,private_assets/derived/overview/27.jpg,
640,private_assets/source/123罗德岛_官方原图/318_维伊篇/01.jpg,600,1636,双人对话;半身人物;室内背景,漫画页,总览视觉浏览,private_assets/derived/overview/27.jpg,
641,private_assets/source/123罗德岛_官方原图/318_维伊篇/02.jpg,600,1636,双人对话;半身人物;室内背景,漫画页,总览视觉浏览,private_assets/derived/overview/27.jpg,
642,private_assets/source/123罗德岛_官方原图/319_蜜莓篇/01.jpg,600,1636,全身人物;双人对话;极端表情,漫画页,总览视觉浏览,private_assets/derived/overview/27.jpg,
643,private_assets/source/123罗德岛_官方原图/319_蜜莓篇/02.jpg,600,1636,双人对话;半身人物;极端表情,漫画页,总览视觉浏览,private_assets/derived/overview/27.jpg,
644,private_assets/source/123罗德岛_官方原图/320_伊芙利特篇/01.jpg,600,1636,全身人物;多人场景;极端表情,漫画页,总览视觉浏览,private_assets/derived/overview/27.jpg,
645,private_assets/source/123罗德岛_官方原图/320_伊芙利特篇/02.jpg,600,1636,双人对话;多人场景;极端表情,漫画页,总览视觉浏览,private_assets/derived/overview/27.jpg,
646,private_assets/source/123罗德岛_官方原图/321_爱丽丝篇/01.jpg,600,1636,半身人物;室内背景,漫画页,总览视觉浏览,private_assets/derived/overview/27.jpg,
647,private_assets/source/123罗德岛_官方原图/321_爱丽丝篇/02.jpg,600,1636,双人对话;半身人物;室内背景,漫画页,总览视觉浏览,private_assets/derived/overview/27.jpg,
648,private_assets/source/123罗德岛_官方原图/322_月见夜篇/01.jpg,600,1636,双人对话;半身人物;室内背景,漫画页,总览视觉浏览,private_assets/derived/overview/27.jpg,
649,private_assets/source/123罗德岛_官方原图/322_月见夜篇/02.jpg,600,1636,双人对话;半身人物;室内背景,漫画页,总览视觉浏览,private_assets/derived/overview/28.jpg,
650,private_assets/source/123罗德岛_官方原图/323_坚雷篇/01.jpg,600,1636,半身人物;多人场景;室内背景,漫画页,总览视觉浏览,private_assets/derived/overview/28.jpg,
651,private_assets/source/123罗德岛_官方原图/323_坚雷篇/02.jpg,600,1636,双人对话;半身人物;室内背景,漫画页,总览视觉浏览,private_assets/derived/overview/28.jpg,
652,private_assets/source/123罗德岛_官方原图/324_贝娜篇/01.jpg,600,1636,双人对话;半身人物;室内背景,漫画页,总览视觉浏览,private_assets/derived/overview/28.jpg,
653,private_assets/source/123罗德岛_官方原图/324_贝娜篇/02.jpg,600,1636,双人对话;半身人物;室内背景,漫画页,总览视觉浏览,private_assets/derived/overview/28.jpg,
654,private_assets/source/123罗德岛_官方原图/325_陨星篇/01.jpg,600,1636,双人对话;半身人物;室内背景,漫画页,总览视觉浏览,private_assets/derived/overview/28.jpg,
655,private_assets/source/123罗德岛_官方原图/325_陨星篇/02.jpg,600,1636,双人对话;半身人物;极端表情,漫画页,总览视觉浏览,private_assets/derived/overview/28.jpg,
656,private_assets/source/123罗德岛_官方原图/326_极境篇/01.jpg,600,1636,双人对话;多人场景;极端表情,漫画页,总览视觉浏览,private_assets/derived/overview/28.jpg,
657,private_assets/source/123罗德岛_官方原图/326_极境篇/02.jpg,600,1636,双人对话;多人场景;室内背景,漫画页,总览视觉浏览,private_assets/derived/overview/28.jpg,
658,private_assets/source/123罗德岛_官方原图/327_谬因篇/01.jpg,600,1636,双人对话;半身人物;室内背景,漫画页,总览视觉浏览,private_assets/derived/overview/28.jpg,
659,private_assets/source/123罗德岛_官方原图/327_谬因篇/02.jpg,600,1636,双人对话;半身人物;室内背景,漫画页,总览视觉浏览,private_assets/derived/overview/28.jpg,
660,private_assets/source/123罗德岛_官方原图/328_佩德洛篇/01.jpg,600,1636,双人对话;半身人物;室内背景,漫画页,总览视觉浏览,private_assets/derived/overview/28.jpg,
661,private_assets/source/123罗德岛_官方原图/328_佩德洛篇/02.jpg,600,1636,双人对话;半身人物;室内背景,漫画页,总览视觉浏览,private_assets/derived/overview/28.jpg,
662,private_assets/source/123罗德岛_官方原图/329_机械师篇/01.jpg,600,1636,双人对话;多人场景;室内背景,漫画页,总览视觉浏览,private_assets/derived/overview/28.jpg,
663,private_assets/source/123罗德岛_官方原图/329_机械师篇/02.jpg,600,1636,双人对话;多人场景;室内背景,漫画页,总览视觉浏览,private_assets/derived/overview/28.jpg,
664,private_assets/source/123罗德岛_官方原图/330_风笛篇/01.jpg,600,1636,双人对话;半身人物;室内背景,漫画页,总览视觉浏览,private_assets/derived/overview/28.jpg,
665,private_assets/source/123罗德岛_官方原图/330_风笛篇/02.jpg,600,1636,全身人物;多人场景;极端表情,漫画页,总览视觉浏览,private_assets/derived/overview/28.jpg,
666,private_assets/source/123罗德岛_官方原图/331_缠丸篇/01.jpg,600,1636,双人对话;半身人物;室内背景,漫画页,总览视觉浏览,private_assets/derived/overview/28.jpg,
667,private_assets/source/123罗德岛_官方原图/331_缠丸篇/02.jpg,600,1636,双人对话;半身人物;室内背景,漫画页,总览视觉浏览,private_assets/derived/overview/28.jpg,
668,private_assets/source/123罗德岛_官方原图/332_予愿安洁莉娜篇/01.jpg,600,1636,双人对话;半身人物;室内背景,漫画页,总览视觉浏览,private_assets/derived/overview/28.jpg,
669,private_assets/source/123罗德岛_官方原图/332_予愿安洁莉娜篇/02.jpg,600,1636,双人对话;多人场景;极端表情,漫画页,总览视觉浏览,private_assets/derived/overview/28.jpg,
670,private_assets/source/123罗德岛_官方原图/333_嘉辛塔篇/01.jpg,600,1636,双人对话;半身人物;室内背景,漫画页,总览视觉浏览,private_assets/derived/overview/28.jpg,
671,private_assets/source/123罗德岛_官方原图/333_嘉辛塔篇/02.jpg,600,1636,双人对话;多人场景;极端表情,漫画页,总览视觉浏览,private_assets/derived/overview/28.jpg,
672,private_assets/source/123罗德岛_官方原图/334_珊比篇/01.jpg,600,1636,双人对话;多人场景;室内背景,漫画页,总览视觉浏览,private_assets/derived/overview/28.jpg,
673,private_assets/source/123罗德岛_官方原图/334_珊比篇/02.jpg,600,1636,双人对话;半身人物;极端表情,漫画页,总览视觉浏览,private_assets/derived/overview/29.jpg,
674,private_assets/source/123罗德岛_官方原图/335_时隙篇/01.jpg,600,1636,双人对话;多人场景;室内背景,漫画页,总览视觉浏览,private_assets/derived/overview/29.jpg,
675,private_assets/source/123罗德岛_官方原图/335_时隙篇/02.jpg,600,1636,双人对话;多人场景;极端表情,漫画页,总览视觉浏览,private_assets/derived/overview/29.jpg,
676,private_assets/source/123罗德岛_官方原图/336_蜜蜡篇/01.jpg,600,1636,双人对话;半身人物;室内背景,漫画页,总览视觉浏览,private_assets/derived/overview/29.jpg,
677,private_assets/source/123罗德岛_官方原图/336_蜜蜡篇/02.jpg,600,1636,双人对话;半身人物;室内背景,漫画页,总览视觉浏览,private_assets/derived/overview/29.jpg,
678,private_assets/source/123罗德岛_官方原图/337_假日威龙陈篇/01.jpg,600,1636,全身人物;多人场景;室内背景,漫画页,总览视觉浏览,private_assets/derived/overview/29.jpg,
679,private_assets/source/123罗德岛_官方原图/337_假日威龙陈篇/02.jpg,600,1636,全身人物;多人场景;极端表情,漫画页,总览视觉浏览,private_assets/derived/overview/29.jpg,
680,private_assets/source/123罗德岛_官方原图/338_野鬃篇/01.jpg,600,1636,全身人物;多人场景;极端表情,漫画页,总览视觉浏览,private_assets/derived/overview/29.jpg,
681,private_assets/source/123罗德岛_官方原图/338_野鬃篇/02.jpg,600,1636,双人对话;多人场景;极端表情,漫画页,总览视觉浏览,private_assets/derived/overview/29.jpg,
682,private_assets/source/123罗德岛_官方原图/339_诗怀雅篇/01.jpg,600,1636,双人对话;半身人物;极端表情,漫画页,总览视觉浏览,private_assets/derived/overview/29.jpg,
683,private_assets/source/123罗德岛_官方原图/339_诗怀雅篇/02.jpg,600,1636,双人对话;半身人物;室内背景,漫画页,总览视觉浏览,private_assets/derived/overview/29.jpg,
